-- phpMyAdmin SQL Dump
-- version 4.8.3
-- https://www.phpmyadmin.net/
--
-- Host: 127.0.0.1
-- Generation Time: May 10, 2019 at 09:40 AM
-- Server version: 10.1.35-MariaDB
-- PHP Version: 7.2.9

SET SQL_MODE = "NO_AUTO_VALUE_ON_ZERO";
SET AUTOCOMMIT = 0;
START TRANSACTION;
SET time_zone = "+00:00";


/*!40101 SET @OLD_CHARACTER_SET_CLIENT=@@CHARACTER_SET_CLIENT */;
/*!40101 SET @OLD_CHARACTER_SET_RESULTS=@@CHARACTER_SET_RESULTS */;
/*!40101 SET @OLD_COLLATION_CONNECTION=@@COLLATION_CONNECTION */;
/*!40101 SET NAMES utf8mb4 */;

--
-- Database: `hrms20102018`
--

-- --------------------------------------------------------

--
-- Table structure for table `assets`
--

CREATE TABLE `assets` (
  `id` int(11) NOT NULL,
  `name` varchar(200) COLLATE utf8_bin NOT NULL,
  `serial_number` varchar(255) COLLATE utf8_bin NOT NULL,
  `description` text COLLATE utf8_bin,
  `value` double DEFAULT NULL,
  `status` tinyint(1) NOT NULL DEFAULT '1',
  `createdAt` datetime NOT NULL,
  `updatedAt` datetime NOT NULL
) ENGINE=InnoDB DEFAULT CHARSET=utf8 COLLATE=utf8_bin;

--
-- Dumping data for table `assets`
--

INSERT INTO `assets` (`id`, `name`, `serial_number`, `description`, `value`, `status`, `createdAt`, `updatedAt`) VALUES
(1, 'Computer', 'FGTRY56756869', 'Hardware', 690000, 1, '2018-10-25 10:54:31', '2018-10-25 10:54:31'),
(2, 'sdfdg', 'sdgdfg2342354', 'xfgfcgh', 3, 1, '2019-02-18 15:17:42', '2019-02-18 15:17:42');

-- --------------------------------------------------------

--
-- Table structure for table `attendance_regularizations`
--

CREATE TABLE `attendance_regularizations` (
  `id` int(11) NOT NULL,
  `employee_id` int(11) NOT NULL,
  `apply_to` int(11) NOT NULL,
  `swipe_date` date NOT NULL,
  `punch_in` datetime NOT NULL,
  `punch_out` datetime NOT NULL,
  `reason` text COLLATE utf8_bin,
  `is_accepted` tinyint(1) NOT NULL DEFAULT '0',
  `is_rejected` tinyint(1) NOT NULL DEFAULT '0',
  `is_withdraw` tinyint(1) NOT NULL DEFAULT '0',
  `remarks` text COLLATE utf8_bin,
  `createdAt` datetime NOT NULL,
  `updatedAt` datetime NOT NULL
) ENGINE=InnoDB DEFAULT CHARSET=utf8 COLLATE=utf8_bin;

-- --------------------------------------------------------

--
-- Table structure for table `attendance_schemes`
--

CREATE TABLE `attendance_schemes` (
  `id` int(11) NOT NULL,
  `name` varchar(200) COLLATE utf8_bin NOT NULL,
  `shift_rotation_policy_id` int(11) NOT NULL,
  `weekend_policy_id` int(11) NOT NULL,
  `status` tinyint(1) NOT NULL DEFAULT '1',
  `createdAt` datetime NOT NULL,
  `updatedAt` datetime NOT NULL
) ENGINE=InnoDB DEFAULT CHARSET=utf8 COLLATE=utf8_bin;

--
-- Dumping data for table `attendance_schemes`
--

INSERT INTO `attendance_schemes` (`id`, `name`, `shift_rotation_policy_id`, `weekend_policy_id`, `status`, `createdAt`, `updatedAt`) VALUES
(1, 'General', 1, 1, 1, '2018-10-30 16:17:16', '2018-10-30 16:17:16');

-- --------------------------------------------------------

--
-- Table structure for table `banks`
--

CREATE TABLE `banks` (
  `id` int(11) NOT NULL,
  `name` varchar(200) COLLATE utf8_bin NOT NULL,
  `ifsc_code` varchar(200) COLLATE utf8_bin DEFAULT NULL,
  `micr_code` varchar(200) COLLATE utf8_bin DEFAULT NULL,
  `branch` varchar(100) COLLATE utf8_bin DEFAULT NULL,
  `address` text COLLATE utf8_bin,
  `contact` varchar(200) COLLATE utf8_bin DEFAULT NULL,
  `city` varchar(200) COLLATE utf8_bin DEFAULT NULL,
  `district` varchar(200) COLLATE utf8_bin DEFAULT NULL,
  `state` varchar(200) COLLATE utf8_bin DEFAULT NULL,
  `status` tinyint(1) NOT NULL DEFAULT '1',
  `createdAt` datetime DEFAULT CURRENT_TIMESTAMP,
  `updatedAt` datetime DEFAULT CURRENT_TIMESTAMP
) ENGINE=InnoDB DEFAULT CHARSET=utf8 COLLATE=utf8_bin;

--
-- Dumping data for table `banks`
--

INSERT INTO `banks` (`id`, `name`, `ifsc_code`, `micr_code`, `branch`, `address`, `contact`, `city`, `district`, `state`, `status`, `createdAt`, `updatedAt`) VALUES
(1, 'ABHYUDAYA COOPERATIVE BANK LIMITED', NULL, NULL, NULL, NULL, NULL, NULL, NULL, NULL, 1, '2019-01-09 11:18:14', '2019-01-09 11:18:14'),
(2, 'THE ROYAL BANK OF SCOTLAND N V', NULL, NULL, NULL, NULL, NULL, NULL, NULL, NULL, 1, '2019-01-09 11:18:14', '2019-01-09 11:18:14'),
(3, 'ABU DHABI COMMERCIAL BANK', NULL, NULL, NULL, NULL, NULL, NULL, NULL, NULL, 1, '2019-01-09 11:18:14', '2019-01-09 11:18:14'),
(4, 'THE AKOLA DISTRICT CENTRAL COOPERATIVE BANK', NULL, NULL, NULL, NULL, NULL, NULL, NULL, NULL, 1, '2019-01-09 11:18:14', '2019-01-09 11:18:14'),
(5, 'AIRTEL PAYMENTS BANK LIMITED', NULL, NULL, NULL, NULL, NULL, NULL, NULL, NULL, 1, '2019-01-09 11:18:14', '2019-01-09 11:18:14'),
(6, 'AKOLA JANATA COMMERCIAL COOPERATIVE BANK', NULL, NULL, NULL, NULL, NULL, NULL, NULL, NULL, 1, '2019-01-09 11:18:14', '2019-01-09 11:18:14'),
(7, 'ALLAHABAD BANK', NULL, NULL, NULL, NULL, NULL, NULL, NULL, NULL, 1, '2019-01-09 11:18:14', '2019-01-09 11:18:14'),
(8, 'AHMEDABAD MERCANTILE COOPERATIVE BANK', NULL, NULL, NULL, NULL, NULL, NULL, NULL, NULL, 1, '2019-01-09 11:18:14', '2019-01-09 11:18:14'),
(9, 'ANDHRA BANK', NULL, NULL, NULL, NULL, NULL, NULL, NULL, NULL, 1, '2019-01-09 11:18:14', '2019-01-09 11:18:14'),
(10, 'AUSTRALIA AND NEW ZEALAND BANKING GROUP LIMITED', NULL, NULL, NULL, NULL, NULL, NULL, NULL, NULL, 1, '2019-01-09 11:18:14', '2019-01-09 11:18:14'),
(11, 'THE ANDHRA PRADESH STATE COOPERATIVE BANK LIMITED', NULL, NULL, NULL, NULL, NULL, NULL, NULL, NULL, 1, '2019-01-09 11:18:14', '2019-01-09 11:18:14'),
(12, 'ANDHRA PRAGATHI GRAMEENA BANK', NULL, NULL, NULL, NULL, NULL, NULL, NULL, NULL, 1, '2019-01-09 11:18:14', '2019-01-09 11:18:14'),
(13, 'THE A.P. MAHESH COOPERATIVE URBAN BANK LIMITED', NULL, NULL, NULL, NULL, NULL, NULL, NULL, NULL, 1, '2019-01-09 11:18:14', '2019-01-09 11:18:14'),
(14, 'APNA SAHAKARI BANK LIMITED', NULL, NULL, NULL, NULL, NULL, NULL, NULL, NULL, 1, '2019-01-09 11:18:14', '2019-01-09 11:18:14'),
(15, 'AU SMALL FINANCE BANK LIMITED', NULL, NULL, NULL, NULL, NULL, NULL, NULL, NULL, 1, '2019-01-09 11:18:14', '2019-01-09 11:18:14'),
(16, 'ALMORA URBAN COOPERATIVE BANK LIMITED', NULL, NULL, NULL, NULL, NULL, NULL, NULL, NULL, 1, '2019-01-09 11:18:14', '2019-01-09 11:18:14'),
(17, 'BASSEIN CATHOLIC COOPERATIVE BANK LIMITED', NULL, NULL, NULL, NULL, NULL, NULL, NULL, NULL, 1, '2019-01-09 11:18:14', '2019-01-09 11:18:14'),
(18, 'THE BARAMATI SAHAKARI BANK LTD', NULL, NULL, NULL, NULL, NULL, NULL, NULL, NULL, 1, '2019-01-09 11:18:14', '2019-01-09 11:18:14'),
(19, 'BANK OF BARODA', NULL, NULL, NULL, NULL, NULL, NULL, NULL, NULL, 1, '2019-01-09 11:18:14', '2019-01-09 11:18:14'),
(20, 'BARCLAYS BANK', NULL, NULL, NULL, NULL, NULL, NULL, NULL, NULL, 1, '2019-01-09 11:18:14', '2019-01-09 11:18:14'),
(21, 'BANK OF BAHARAIN AND KUWAIT BSC', NULL, NULL, NULL, NULL, NULL, NULL, NULL, NULL, 1, '2019-01-09 11:18:14', '2019-01-09 11:18:14'),
(22, 'BHARAT COOPERATIVE BANK MUMBAI LIMITED', NULL, NULL, NULL, NULL, NULL, NULL, NULL, NULL, 1, '2019-01-09 11:18:14', '2019-01-09 11:18:14'),
(23, 'BANK OF CEYLON', NULL, NULL, NULL, NULL, NULL, NULL, NULL, NULL, 1, '2019-01-09 11:18:14', '2019-01-09 11:18:14'),
(24, 'BANDHAN BANK LIMITED', NULL, NULL, NULL, NULL, NULL, NULL, NULL, NULL, 1, '2019-01-09 11:18:14', '2019-01-09 11:18:14'),
(25, 'DENA BANK', NULL, NULL, NULL, NULL, NULL, NULL, NULL, NULL, 1, '2019-01-09 11:18:14', '2019-01-09 11:18:14'),
(26, 'BANK OF INDIA', NULL, NULL, NULL, NULL, NULL, NULL, NULL, NULL, 1, '2019-01-09 11:18:14', '2019-01-09 11:18:14'),
(27, 'B N P PARIBAS', NULL, NULL, NULL, NULL, NULL, NULL, NULL, NULL, 1, '2019-01-09 11:18:14', '2019-01-09 11:18:14'),
(28, 'BANK OF AMERICA', NULL, NULL, NULL, NULL, NULL, NULL, NULL, NULL, 1, '2019-01-09 11:18:14', '2019-01-09 11:18:14'),
(29, 'BANK OF TOKYO MITSUBISHI LIMITED', NULL, NULL, NULL, NULL, NULL, NULL, NULL, NULL, 1, '2019-01-09 11:18:14', '2019-01-09 11:18:14'),
(30, 'CENTRAL BANK OF INDIA', NULL, NULL, NULL, NULL, NULL, NULL, NULL, NULL, 1, '2019-01-09 11:18:14', '2019-01-09 11:18:14'),
(31, 'CITIZEN CREDIT COOPERATIVE BANK LIMITED', NULL, NULL, NULL, NULL, NULL, NULL, NULL, NULL, 1, '2019-01-09 11:18:14', '2019-01-09 11:18:14'),
(32, 'JP MORGAN BANK', NULL, NULL, NULL, NULL, NULL, NULL, NULL, NULL, 1, '2019-01-09 11:18:14', '2019-01-09 11:18:14'),
(33, 'CITI BANK', NULL, NULL, NULL, NULL, NULL, NULL, NULL, NULL, 1, '2019-01-09 11:18:14', '2019-01-09 11:18:14'),
(34, 'CITY UNION BANK LIMITED', NULL, NULL, NULL, NULL, NULL, NULL, NULL, NULL, 1, '2019-01-09 11:18:14', '2019-01-09 11:18:14'),
(35, 'CAPITAL SMALL FINANCE BANK LIMITED', NULL, NULL, NULL, NULL, NULL, NULL, NULL, NULL, 1, '2019-01-09 11:18:14', '2019-01-09 11:18:14'),
(36, 'CANARA BANK', NULL, NULL, NULL, NULL, NULL, NULL, NULL, NULL, 1, '2019-01-09 11:18:14', '2019-01-09 11:18:14'),
(37, 'CORPORATION BANK', NULL, NULL, NULL, NULL, NULL, NULL, NULL, NULL, 1, '2019-01-09 11:18:14', '2019-01-09 11:18:14'),
(38, 'THE COSMOS CO OPERATIVE BANK LIMITED', NULL, NULL, NULL, NULL, NULL, NULL, NULL, NULL, 1, '2019-01-09 11:18:14', '2019-01-09 11:18:14'),
(39, 'CREDIT SUISEE AG', NULL, NULL, NULL, NULL, NULL, NULL, NULL, NULL, 1, '2019-01-09 11:18:14', '2019-01-09 11:18:14'),
(40, 'CREDIT AGRICOLE CORPORATE AND INVESTMENT BANK CALYON BANK', NULL, NULL, NULL, NULL, NULL, NULL, NULL, NULL, 1, '2019-01-09 11:18:14', '2019-01-09 11:18:14'),
(41, 'SHRI CHHATRAPATI RAJASHRI SHAHU URBAN COOPERATIVE BANK LIMITED', NULL, NULL, NULL, NULL, NULL, NULL, NULL, NULL, 1, '2019-01-09 11:18:14', '2019-01-09 11:18:14'),
(42, 'CATHOLIC SYRIAN BANK LIMITED', NULL, NULL, NULL, NULL, NULL, NULL, NULL, NULL, 1, '2019-01-09 11:18:14', '2019-01-09 11:18:14'),
(43, 'CHINATRUST COMMERCIAL BANK LIMITED', NULL, NULL, NULL, NULL, NULL, NULL, NULL, NULL, 1, '2019-01-09 11:18:14', '2019-01-09 11:18:14'),
(44, 'DEVELOPMENT BANK OF SINGAPORE', NULL, NULL, NULL, NULL, NULL, NULL, NULL, NULL, 1, '2019-01-09 11:18:14', '2019-01-09 11:18:14'),
(45, 'DCB BANK LIMITED', NULL, NULL, NULL, NULL, NULL, NULL, NULL, NULL, 1, '2019-01-09 11:18:14', '2019-01-09 11:18:14'),
(46, 'DEOGIRI NAGARI SAHAKARI BANK LTD. AURANGABAD', NULL, NULL, NULL, NULL, NULL, NULL, NULL, NULL, 1, '2019-01-09 11:18:14', '2019-01-09 11:18:14'),
(47, 'DEUSTCHE BANK', NULL, NULL, NULL, NULL, NULL, NULL, NULL, NULL, 1, '2019-01-09 11:18:14', '2019-01-09 11:18:14'),
(48, 'DEPOSIT INSURANCE AND CREDIT GUARANTEE CORPORATION', NULL, NULL, NULL, NULL, NULL, NULL, NULL, NULL, 1, '2019-01-09 11:18:14', '2019-01-09 11:18:14'),
(49, 'THE DELHI STATE COOPERATIVE BANK LIMITED', NULL, NULL, NULL, NULL, NULL, NULL, NULL, NULL, 1, '2019-01-09 11:18:14', '2019-01-09 11:18:14'),
(50, 'DHANALAKSHMI BANK', NULL, NULL, NULL, NULL, NULL, NULL, NULL, NULL, 1, '2019-01-09 11:18:14', '2019-01-09 11:18:14'),
(51, 'DOMBIVLI NAGARI SAHAKARI BANK LIMITED', NULL, NULL, NULL, NULL, NULL, NULL, NULL, NULL, 1, '2019-01-09 11:18:14', '2019-01-09 11:18:14'),
(52, 'DOHA BANK QSC', NULL, NULL, NULL, NULL, NULL, NULL, NULL, NULL, 1, '2019-01-09 11:18:14', '2019-01-09 11:18:14'),
(53, 'DOHA BANK', NULL, NULL, NULL, NULL, NULL, NULL, NULL, NULL, 1, '2019-01-09 11:18:14', '2019-01-09 11:18:14'),
(54, 'EXPORT IMPORT BANK OF INDIA', NULL, NULL, NULL, NULL, NULL, NULL, NULL, NULL, 1, '2019-01-09 11:18:14', '2019-01-09 11:18:14'),
(55, 'EQUITAS SMALL FINANCE BANK LIMITED', NULL, NULL, NULL, NULL, NULL, NULL, NULL, NULL, 1, '2019-01-09 11:18:14', '2019-01-09 11:18:14'),
(56, 'ESAF SMALL FINANCE BANK LIMITED', NULL, NULL, NULL, NULL, NULL, NULL, NULL, NULL, 1, '2019-01-09 11:18:14', '2019-01-09 11:18:14'),
(57, 'FEDERAL BANK', NULL, NULL, NULL, NULL, NULL, NULL, NULL, NULL, 1, '2019-01-09 11:18:14', '2019-01-09 11:18:14'),
(58, 'FINO PAYMENTS BANK', NULL, NULL, NULL, NULL, NULL, NULL, NULL, NULL, 1, '2019-01-09 11:18:14', '2019-01-09 11:18:14'),
(59, 'FIRSTRAND BANK LIMITED', NULL, NULL, NULL, NULL, NULL, NULL, NULL, NULL, 1, '2019-01-09 11:18:14', '2019-01-09 11:18:14'),
(60, 'THE GREATER BOMBAY COOPERATIVE BANK LIMITED', NULL, NULL, NULL, NULL, NULL, NULL, NULL, NULL, 1, '2019-01-09 11:18:14', '2019-01-09 11:18:14'),
(61, 'THE GADCHIROLI DISTRICT CENTRAL COOPERATIVE BANK LIMITED', NULL, NULL, NULL, NULL, NULL, NULL, NULL, NULL, 1, '2019-01-09 11:18:14', '2019-01-09 11:18:14'),
(62, 'THE GUJARAT STATE COOPERATIVE BANK LIMITED', NULL, NULL, NULL, NULL, NULL, NULL, NULL, NULL, 1, '2019-01-09 11:18:14', '2019-01-09 11:18:14'),
(63, 'HARYANA STATE COOPERATIVE BANK', NULL, NULL, NULL, NULL, NULL, NULL, NULL, NULL, 1, '2019-01-09 11:18:14', '2019-01-09 11:18:14'),
(64, 'THE HASTI COOP BANK LTD', NULL, NULL, NULL, NULL, NULL, NULL, NULL, NULL, 1, '2019-01-09 11:18:14', '2019-01-09 11:18:14'),
(65, 'HDFC BANK', NULL, NULL, NULL, NULL, NULL, NULL, NULL, NULL, 1, '2019-01-09 11:18:14', '2019-01-09 11:18:14'),
(66, 'HIMACHAL PRADESH STATE COOPERATIVE BANK LTD', NULL, NULL, NULL, NULL, NULL, NULL, NULL, NULL, 1, '2019-01-09 11:18:14', '2019-01-09 11:18:14'),
(67, 'HSBC BANK', NULL, NULL, NULL, NULL, NULL, NULL, NULL, NULL, 1, '2019-01-09 11:18:14', '2019-01-09 11:18:14'),
(68, 'WOORI BANK', NULL, NULL, NULL, NULL, NULL, NULL, NULL, NULL, 1, '2019-01-09 11:18:14', '2019-01-09 11:18:14'),
(69, 'PT BANK MAYBANK INDONESIA TBK', NULL, NULL, NULL, NULL, NULL, NULL, NULL, NULL, 1, '2019-01-09 11:18:14', '2019-01-09 11:18:14'),
(70, 'IDBI BANK', NULL, NULL, NULL, NULL, NULL, NULL, NULL, NULL, 1, '2019-01-09 11:18:14', '2019-01-09 11:18:14'),
(71, 'INDUSTRIAL BANK OF KOREA', NULL, NULL, NULL, NULL, NULL, NULL, NULL, NULL, 1, '2019-01-09 11:18:14', '2019-01-09 11:18:14'),
(72, 'INDUSTRIAL AND COMMERCIAL BANK OF CHINA LIMITED', NULL, NULL, NULL, NULL, NULL, NULL, NULL, NULL, 1, '2019-01-09 11:18:14', '2019-01-09 11:18:14'),
(73, 'ICICI BANK LIMITED', NULL, NULL, NULL, NULL, NULL, NULL, NULL, NULL, 1, '2019-01-09 11:18:14', '2019-01-09 11:18:14'),
(74, 'IDFC BANK LIMITED', NULL, NULL, NULL, NULL, NULL, NULL, NULL, NULL, 1, '2019-01-09 11:18:14', '2019-01-09 11:18:14'),
(75, 'INDIAN BANK', NULL, NULL, NULL, NULL, NULL, NULL, NULL, NULL, 1, '2019-01-09 11:18:14', '2019-01-09 11:18:14'),
(76, 'IDUKKI DISTRICT CO OPERATIVE BANK LTD', NULL, NULL, NULL, NULL, NULL, NULL, NULL, NULL, 1, '2019-01-09 11:18:14', '2019-01-09 11:18:14'),
(77, 'INDUSIND BANK', NULL, NULL, NULL, NULL, NULL, NULL, NULL, NULL, 1, '2019-01-09 11:18:14', '2019-01-09 11:18:14'),
(78, 'INDIAN OVERSEAS BANK', NULL, NULL, NULL, NULL, NULL, NULL, NULL, NULL, 1, '2019-01-09 11:18:14', '2019-01-09 11:18:14'),
(79, 'JAMMU AND KASHMIR BANK LIMITED', NULL, NULL, NULL, NULL, NULL, NULL, NULL, NULL, 1, '2019-01-09 11:18:14', '2019-01-09 11:18:14'),
(80, 'JANASEVA SAHAKARI BANK LIMITED', NULL, NULL, NULL, NULL, NULL, NULL, NULL, NULL, 1, '2019-01-09 11:18:14', '2019-01-09 11:18:14'),
(81, 'JANASEVA SAHAKARI BANK BORIVLI LIMITED', NULL, NULL, NULL, NULL, NULL, NULL, NULL, NULL, 1, '2019-01-09 11:18:14', '2019-01-09 11:18:14'),
(82, 'JALGAON JANATA SAHAKARI BANK LIMITED', NULL, NULL, NULL, NULL, NULL, NULL, NULL, NULL, 1, '2019-01-09 11:18:14', '2019-01-09 11:18:14'),
(83, 'THE JALGAON PEOPELS COOPERATIVE BANK LIMITED', NULL, NULL, NULL, NULL, NULL, NULL, NULL, NULL, 1, '2019-01-09 11:18:14', '2019-01-09 11:18:14'),
(84, 'JANAKALYAN SAHAKARI BANK LIMITED', NULL, NULL, NULL, NULL, NULL, NULL, NULL, NULL, 1, '2019-01-09 11:18:14', '2019-01-09 11:18:14'),
(85, 'JANATA SAHAKARI BANK LIMITED', NULL, NULL, NULL, NULL, NULL, NULL, NULL, NULL, 1, '2019-01-09 11:18:14', '2019-01-09 11:18:14'),
(86, 'THE KANGRA CENTRAL COOPERATIVE BANK LIMITED', NULL, NULL, NULL, NULL, NULL, NULL, NULL, NULL, 1, '2019-01-09 11:18:14', '2019-01-09 11:18:14'),
(87, 'KALLAPPANNA AWADE ICHALKARANJI JANATA SAHAKARI BANK LIMITED', NULL, NULL, NULL, NULL, NULL, NULL, NULL, NULL, 1, '2019-01-09 11:18:14', '2019-01-09 11:18:14'),
(88, 'THE KANGRA COOPERATIVE BANK LIMITED', NULL, NULL, NULL, NULL, NULL, NULL, NULL, NULL, 1, '2019-01-09 11:18:14', '2019-01-09 11:18:14'),
(89, 'KARNATAKA BANK LIMITED', NULL, NULL, NULL, NULL, NULL, NULL, NULL, NULL, 1, '2019-01-09 11:18:14', '2019-01-09 11:18:14'),
(90, 'KALUPUR COMMERCIAL COOPERATIVE BANK', NULL, NULL, NULL, NULL, NULL, NULL, NULL, NULL, 1, '2019-01-09 11:18:14', '2019-01-09 11:18:14'),
(91, 'KALYAN JANATA SAHAKARI BANK', NULL, NULL, NULL, NULL, NULL, NULL, NULL, NULL, 1, '2019-01-09 11:18:14', '2019-01-09 11:18:14'),
(92, 'KOTAK MAHINDRA BANK LIMITED', NULL, NULL, NULL, NULL, NULL, NULL, NULL, NULL, 1, '2019-01-09 11:18:14', '2019-01-09 11:18:14'),
(93, 'KERALA GRAMIN BANK', NULL, NULL, NULL, NULL, NULL, NULL, NULL, NULL, 1, '2019-01-09 11:18:14', '2019-01-09 11:18:14'),
(94, 'THE KURMANCHAL NAGAR SAHAKARI BANK LIMITED', NULL, NULL, NULL, NULL, NULL, NULL, NULL, NULL, 1, '2019-01-09 11:18:14', '2019-01-09 11:18:14'),
(95, 'KEB Hana Bank', NULL, NULL, NULL, NULL, NULL, NULL, NULL, NULL, 1, '2019-01-09 11:18:14', '2019-01-09 11:18:14'),
(96, 'THE KARANATAKA STATE COOPERATIVE APEX BANK LIMITED', NULL, NULL, NULL, NULL, NULL, NULL, NULL, NULL, 1, '2019-01-09 11:18:14', '2019-01-09 11:18:14'),
(97, 'THE KARAD URBAN COOPERATIVE BANK LIMITED', NULL, NULL, NULL, NULL, NULL, NULL, NULL, NULL, 1, '2019-01-09 11:18:14', '2019-01-09 11:18:14'),
(98, 'KARUR VYSYA BANK', NULL, NULL, NULL, NULL, NULL, NULL, NULL, NULL, 1, '2019-01-09 11:18:14', '2019-01-09 11:18:14'),
(99, 'KARNATAKA VIKAS GRAMEENA BANK', NULL, NULL, NULL, NULL, NULL, NULL, NULL, NULL, 1, '2019-01-09 11:18:14', '2019-01-09 11:18:14'),
(100, 'LAXMI VILAS BANK', NULL, NULL, NULL, NULL, NULL, NULL, NULL, NULL, 1, '2019-01-09 11:18:14', '2019-01-09 11:18:14'),
(101, 'BANK OF MAHARASHTRA', NULL, NULL, NULL, NULL, NULL, NULL, NULL, NULL, 1, '2019-01-09 11:18:14', '2019-01-09 11:18:14'),
(102, 'Maharashtra Gramin Bank', NULL, NULL, NULL, NULL, NULL, NULL, NULL, NULL, 1, '2019-01-09 11:18:14', '2019-01-09 11:18:14'),
(103, 'MAHANAGAR COOPERATIVE BANK', NULL, NULL, NULL, NULL, NULL, NULL, NULL, NULL, 1, '2019-01-09 11:18:14', '2019-01-09 11:18:14'),
(104, 'THE MUMBAI DISTRICT CENTRAL COOPERATIVE BANK LIMITED', NULL, NULL, NULL, NULL, NULL, NULL, NULL, NULL, 1, '2019-01-09 11:18:14', '2019-01-09 11:18:14'),
(105, 'MIZUHO BANK LTD', NULL, NULL, NULL, NULL, NULL, NULL, NULL, NULL, 1, '2019-01-09 11:18:14', '2019-01-09 11:18:14'),
(106, 'MAHARASHTRA STATE COOPERATIVE BANK', NULL, NULL, NULL, NULL, NULL, NULL, NULL, NULL, 1, '2019-01-09 11:18:14', '2019-01-09 11:18:14'),
(107, 'MASHREQBANK PSC', NULL, NULL, NULL, NULL, NULL, NULL, NULL, NULL, 1, '2019-01-09 11:18:14', '2019-01-09 11:18:14'),
(108, 'THE MEHSANA URBAN COOPERATIVE BANK', NULL, NULL, NULL, NULL, NULL, NULL, NULL, NULL, 1, '2019-01-09 11:18:14', '2019-01-09 11:18:14'),
(109, 'THE MUNICIPAL COOPERATIVE BANK LIMITED', NULL, NULL, NULL, NULL, NULL, NULL, NULL, NULL, 1, '2019-01-09 11:18:14', '2019-01-09 11:18:14'),
(110, 'NATIONAL AUSTRALIA BANK LIMITED', NULL, NULL, NULL, NULL, NULL, NULL, NULL, NULL, 1, '2019-01-09 11:18:14', '2019-01-09 11:18:14'),
(111, 'NATIONAL BANK OF ABU DHABI PJSC', NULL, NULL, NULL, NULL, NULL, NULL, NULL, NULL, 1, '2019-01-09 11:18:14', '2019-01-09 11:18:14'),
(112, 'NAGPUR NAGARIK SAHAKARI BANK LIMITED', NULL, NULL, NULL, NULL, NULL, NULL, NULL, NULL, 1, '2019-01-09 11:18:14', '2019-01-09 11:18:14'),
(113, 'NEW INDIA COOPERATIVE BANK LIMITED', NULL, NULL, NULL, NULL, NULL, NULL, NULL, NULL, 1, '2019-01-09 11:18:14', '2019-01-09 11:18:14'),
(114, 'NKGSB COOPERATIVE BANK LIMITED', NULL, NULL, NULL, NULL, NULL, NULL, NULL, NULL, 1, '2019-01-09 11:18:14', '2019-01-09 11:18:14'),
(115, 'THE NASIK MERCHANTS COOPERATIVE BANK LIMITED', NULL, NULL, NULL, NULL, NULL, NULL, NULL, NULL, 1, '2019-01-09 11:18:14', '2019-01-09 11:18:14'),
(116, 'NUTAN NAGARIK SAHAKARI BANK LIMITED', NULL, NULL, NULL, NULL, NULL, NULL, NULL, NULL, 1, '2019-01-09 11:18:14', '2019-01-09 11:18:14'),
(117, 'THE BANK OF NOVA SCOTIA', NULL, NULL, NULL, NULL, NULL, NULL, NULL, NULL, 1, '2019-01-09 11:18:14', '2019-01-09 11:18:14'),
(118, 'THE NAINITAL BANK LIMITED', NULL, NULL, NULL, NULL, NULL, NULL, NULL, NULL, 1, '2019-01-09 11:18:14', '2019-01-09 11:18:14'),
(119, 'NAGAR URBAN CO OPERATIVE BANK', NULL, NULL, NULL, NULL, NULL, NULL, NULL, NULL, 1, '2019-01-09 11:18:14', '2019-01-09 11:18:14'),
(120, 'THE NAVNIRMAN CO-OPERATIVE BANK LIMITED', NULL, NULL, NULL, NULL, NULL, NULL, NULL, NULL, 1, '2019-01-09 11:18:14', '2019-01-09 11:18:14'),
(121, 'ORIENTAL BANK OF COMMERCE', NULL, NULL, NULL, NULL, NULL, NULL, NULL, NULL, 1, '2019-01-09 11:18:14', '2019-01-09 11:18:14'),
(122, 'G P PARSIK BANK', NULL, NULL, NULL, NULL, NULL, NULL, NULL, NULL, 1, '2019-01-09 11:18:14', '2019-01-09 11:18:14'),
(123, 'PRAGATHI KRISHNA GRAMIN BANK', NULL, NULL, NULL, NULL, NULL, NULL, NULL, NULL, 1, '2019-01-09 11:18:14', '2019-01-09 11:18:14'),
(124, 'PUNJAB AND MAHARSHTRA COOPERATIVE BANK', NULL, NULL, NULL, NULL, NULL, NULL, NULL, NULL, 1, '2019-01-09 11:18:14', '2019-01-09 11:18:14'),
(125, 'PRIME COOPERATIVE BANK LIMITED', NULL, NULL, NULL, NULL, NULL, NULL, NULL, NULL, 1, '2019-01-09 11:18:14', '2019-01-09 11:18:14'),
(126, 'PRATHAMA BANK', NULL, NULL, NULL, NULL, NULL, NULL, NULL, NULL, 1, '2019-01-09 11:18:14', '2019-01-09 11:18:14'),
(127, 'PUNJAB AND SIND BANK', NULL, NULL, NULL, NULL, NULL, NULL, NULL, NULL, 1, '2019-01-09 11:18:14', '2019-01-09 11:18:14'),
(128, 'THE PANDHARPUR URBAN CO OP. BANK LTD. PANDHARPUR', NULL, NULL, NULL, NULL, NULL, NULL, NULL, NULL, 1, '2019-01-09 11:18:14', '2019-01-09 11:18:14'),
(129, 'PUNJAB NATIONAL BANK', NULL, NULL, NULL, NULL, NULL, NULL, NULL, NULL, 1, '2019-01-09 11:18:14', '2019-01-09 11:18:14'),
(130, 'PAYTM PAYMENTS BANK LTD', NULL, NULL, NULL, NULL, NULL, NULL, NULL, NULL, 1, '2019-01-09 11:18:14', '2019-01-09 11:18:14'),
(131, 'RABOBANK INTERNATIONAL', NULL, NULL, NULL, NULL, NULL, NULL, NULL, NULL, 1, '2019-01-09 11:18:14', '2019-01-09 11:18:14'),
(132, 'RBL Bank Limited', NULL, NULL, NULL, NULL, NULL, NULL, NULL, NULL, 1, '2019-01-09 11:18:14', '2019-01-09 11:18:14'),
(133, 'RBL BANK LIMITED', NULL, NULL, NULL, NULL, NULL, NULL, NULL, NULL, 1, '2019-01-09 11:18:14', '2019-01-09 11:18:14'),
(134, 'RESERVE BANK OF INDIA , PAD', NULL, NULL, NULL, NULL, NULL, NULL, NULL, NULL, 1, '2019-01-09 11:18:14', '2019-01-09 11:18:14'),
(135, 'RESERVE BANK OF INDIA, PAD', NULL, NULL, NULL, NULL, NULL, NULL, NULL, NULL, 1, '2019-01-09 11:18:14', '2019-01-09 11:18:14'),
(136, 'RAJKOT NAGRIK SAHAKARI BANK LIMITED', NULL, NULL, NULL, NULL, NULL, NULL, NULL, NULL, 1, '2019-01-09 11:18:14', '2019-01-09 11:18:14'),
(137, 'RAJGURUNAGAR SAHAKARI BANK LIMITED', NULL, NULL, NULL, NULL, NULL, NULL, NULL, NULL, 1, '2019-01-09 11:18:14', '2019-01-09 11:18:14'),
(138, 'THE RAJASTHAN STATE COOPERATIVE BANK LIMITED', NULL, NULL, NULL, NULL, NULL, NULL, NULL, NULL, 1, '2019-01-09 11:18:14', '2019-01-09 11:18:14'),
(139, 'SBER BANK', NULL, NULL, NULL, NULL, NULL, NULL, NULL, NULL, 1, '2019-01-09 11:18:14', '2019-01-09 11:18:14'),
(140, 'SAHEBRAO DESHMUKH COOPERATIVE BANK LIMITED', NULL, NULL, NULL, NULL, NULL, NULL, NULL, NULL, 1, '2019-01-09 11:18:14', '2019-01-09 11:18:14'),
(141, 'STATE BANK OF BIKANER AND JAIPUR', NULL, NULL, NULL, NULL, NULL, NULL, NULL, NULL, 1, '2019-01-09 11:18:14', '2019-01-09 11:18:14'),
(142, 'STATE BANK OF INDIA', NULL, NULL, NULL, NULL, NULL, NULL, NULL, NULL, 1, '2019-01-09 11:18:14', '2019-01-09 11:18:14'),
(143, 'SAMARTH SAHAKARI BANK LTD', NULL, NULL, NULL, NULL, NULL, NULL, NULL, NULL, 1, '2019-01-09 11:18:14', '2019-01-09 11:18:14'),
(144, 'STATE BANK OF MYSORE', NULL, NULL, NULL, NULL, NULL, NULL, NULL, NULL, 1, '2019-01-09 11:18:14', '2019-01-09 11:18:14'),
(145, 'STANDARD CHARTERED BANK', NULL, NULL, NULL, NULL, NULL, NULL, NULL, NULL, 1, '2019-01-09 11:18:14', '2019-01-09 11:18:14'),
(146, 'THE SURAT DISTRICT COOPERATIVE BANK LIMITED', NULL, NULL, NULL, NULL, NULL, NULL, NULL, NULL, 1, '2019-01-09 11:18:14', '2019-01-09 11:18:14'),
(147, 'SHINHAN BANK', NULL, NULL, NULL, NULL, NULL, NULL, NULL, NULL, 1, '2019-01-09 11:18:14', '2019-01-09 11:18:14'),
(148, 'SOUTH INDIAN BANK', NULL, NULL, NULL, NULL, NULL, NULL, NULL, NULL, 1, '2019-01-09 11:18:14', '2019-01-09 11:18:14'),
(149, 'THE SINDHUDURG DISTRICT CENTRAL COOP BANK LTD', NULL, NULL, NULL, NULL, NULL, NULL, NULL, NULL, 1, '2019-01-09 11:18:14', '2019-01-09 11:18:14'),
(150, 'SOLAPUR JANATA SAHAKARI BANK LIMITED', NULL, NULL, NULL, NULL, NULL, NULL, NULL, NULL, 1, '2019-01-09 11:18:14', '2019-01-09 11:18:14'),
(151, 'SHIKSHAK SAHAKARI BANK LIMITED', NULL, NULL, NULL, NULL, NULL, NULL, NULL, NULL, 1, '2019-01-09 11:18:14', '2019-01-09 11:18:14'),
(152, 'SUMITOMO MITSUI BANKING CORPORATION', NULL, NULL, NULL, NULL, NULL, NULL, NULL, NULL, 1, '2019-01-09 11:18:14', '2019-01-09 11:18:14'),
(153, 'SHIVALIK MERCANTILE CO OPERATIVE BANK LTD', NULL, NULL, NULL, NULL, NULL, NULL, NULL, NULL, 1, '2019-01-09 11:18:14', '2019-01-09 11:18:14'),
(154, 'SOCIETE GENERALE', NULL, NULL, NULL, NULL, NULL, NULL, NULL, NULL, 1, '2019-01-09 11:18:14', '2019-01-09 11:18:14'),
(155, 'THE SURATH PEOPLES COOPERATIVE BANK LIMITED', NULL, NULL, NULL, NULL, NULL, NULL, NULL, NULL, 1, '2019-01-09 11:18:14', '2019-01-09 11:18:14'),
(156, 'SARASWAT COOPERATIVE BANK LIMITED', NULL, NULL, NULL, NULL, NULL, NULL, NULL, NULL, 1, '2019-01-09 11:18:14', '2019-01-09 11:18:14'),
(157, 'STATE BANK OF PATIALA', NULL, NULL, NULL, NULL, NULL, NULL, NULL, NULL, 1, '2019-01-09 11:18:14', '2019-01-09 11:18:14'),
(158, 'SBM BANK MAURITIUS LIMITED', NULL, NULL, NULL, NULL, NULL, NULL, NULL, NULL, 1, '2019-01-09 11:18:14', '2019-01-09 11:18:14'),
(159, 'SURAT NATIONAL COOPERATIVE BANK LIMITED', NULL, NULL, NULL, NULL, NULL, NULL, NULL, NULL, 1, '2019-01-09 11:18:14', '2019-01-09 11:18:14'),
(160, 'SURYODAY SMALL FINANCE BANK LIMITED', NULL, NULL, NULL, NULL, NULL, NULL, NULL, NULL, 1, '2019-01-09 11:18:14', '2019-01-09 11:18:14'),
(161, 'SUTEX COOPERATIVE BANK LIMITED', NULL, NULL, NULL, NULL, NULL, NULL, NULL, NULL, 1, '2019-01-09 11:18:14', '2019-01-09 11:18:14'),
(162, 'THE SEVA VIKAS COOPERATIVE BANK LIMITED', NULL, NULL, NULL, NULL, NULL, NULL, NULL, NULL, 1, '2019-01-09 11:18:14', '2019-01-09 11:18:14'),
(163, 'THE SHAMRAO VITHAL COOPERATIVE BANK', NULL, NULL, NULL, NULL, NULL, NULL, NULL, NULL, 1, '2019-01-09 11:18:14', '2019-01-09 11:18:14'),
(164, 'SYNDICATE BANK', NULL, NULL, NULL, NULL, NULL, NULL, NULL, NULL, 1, '2019-01-09 11:18:14', '2019-01-09 11:18:14'),
(165, 'THE THANE BHARAT SAHAKARI BANK LIMITED', NULL, NULL, NULL, NULL, NULL, NULL, NULL, NULL, 1, '2019-01-09 11:18:14', '2019-01-09 11:18:14'),
(166, 'THE THANE DISTRICT CENTRAL COOPERATIVE BANK LIMITED', NULL, NULL, NULL, NULL, NULL, NULL, NULL, NULL, 1, '2019-01-09 11:18:14', '2019-01-09 11:18:14'),
(167, 'TUMKUR GRAIN MERCHANTS COOPERATIVE BANK LIMITED', NULL, NULL, NULL, NULL, NULL, NULL, NULL, NULL, 1, '2019-01-09 11:18:14', '2019-01-09 11:18:14'),
(168, 'TJSB SAHAKARI BANK LTD', NULL, NULL, NULL, NULL, NULL, NULL, NULL, NULL, 1, '2019-01-09 11:18:14', '2019-01-09 11:18:14'),
(169, 'TJSB SAHAKARI BANK LIMITED', NULL, NULL, NULL, NULL, NULL, NULL, NULL, NULL, 1, '2019-01-09 11:18:14', '2019-01-09 11:18:14'),
(170, 'TAMILNAD MERCANTILE BANK LIMITED', NULL, NULL, NULL, NULL, NULL, NULL, NULL, NULL, 1, '2019-01-09 11:18:14', '2019-01-09 11:18:14'),
(171, 'THE TAMIL NADU STATE APEX COOPERATIVE BANK', NULL, NULL, NULL, NULL, NULL, NULL, NULL, NULL, 1, '2019-01-09 11:18:14', '2019-01-09 11:18:14'),
(172, 'TELANGANA STATE COOP APEX BANK', NULL, NULL, NULL, NULL, NULL, NULL, NULL, NULL, 1, '2019-01-09 11:18:14', '2019-01-09 11:18:14'),
(173, 'TEXTILE TRADERS CO-OPERATIVE BANK LIMITED', NULL, NULL, NULL, NULL, NULL, NULL, NULL, NULL, 1, '2019-01-09 11:18:14', '2019-01-09 11:18:14'),
(174, 'TEXTILE TRADERS CO OPERATIVE BANK LTD', NULL, NULL, NULL, NULL, NULL, NULL, NULL, NULL, 1, '2019-01-09 11:18:14', '2019-01-09 11:18:14'),
(175, 'UNION BANK OF INDIA', NULL, NULL, NULL, NULL, NULL, NULL, NULL, NULL, 1, '2019-01-09 11:18:14', '2019-01-09 11:18:14'),
(176, 'UCO BANK', NULL, NULL, NULL, NULL, NULL, NULL, NULL, NULL, 1, '2019-01-09 11:18:14', '2019-01-09 11:18:14'),
(177, 'Ujjivan Small Finance Bank Limited', NULL, NULL, NULL, NULL, NULL, NULL, NULL, NULL, 1, '2019-01-09 11:18:14', '2019-01-09 11:18:14'),
(178, 'UNITED OVERSEAS BANK LIMITED', NULL, NULL, NULL, NULL, NULL, NULL, NULL, NULL, 1, '2019-01-09 11:18:14', '2019-01-09 11:18:14'),
(179, 'UNITED BANK OF INDIA', NULL, NULL, NULL, NULL, NULL, NULL, NULL, NULL, 1, '2019-01-09 11:18:14', '2019-01-09 11:18:14'),
(180, 'AXIS BANK', NULL, NULL, NULL, NULL, NULL, NULL, NULL, NULL, 1, '2019-01-09 11:18:14', '2019-01-09 11:18:14'),
(181, 'UTKARSH SMALL FINANCE BANK', NULL, NULL, NULL, NULL, NULL, NULL, NULL, NULL, 1, '2019-01-09 11:18:14', '2019-01-09 11:18:14'),
(182, 'THE VARACHHA COOPERATIVE BANK LIMITED', NULL, NULL, NULL, NULL, NULL, NULL, NULL, NULL, 1, '2019-01-09 11:18:14', '2019-01-09 11:18:14'),
(183, 'VIJAYA BANK', NULL, NULL, NULL, NULL, NULL, NULL, NULL, NULL, 1, '2019-01-09 11:18:14', '2019-01-09 11:18:14'),
(184, 'THE VISHWESHWAR SAHAKARI BANK LIMITED', NULL, NULL, NULL, NULL, NULL, NULL, NULL, NULL, 1, '2019-01-09 11:18:14', '2019-01-09 11:18:14'),
(185, 'VASAI VIKAS SAHAKARI BANK LIMITED', NULL, NULL, NULL, NULL, NULL, NULL, NULL, NULL, 1, '2019-01-09 11:18:14', '2019-01-09 11:18:14'),
(186, 'VASAI VIKAS SAHAKARI BANK LTD', NULL, NULL, NULL, NULL, NULL, NULL, NULL, NULL, 1, '2019-01-09 11:18:14', '2019-01-09 11:18:14'),
(187, 'THE WEST BENGAL STATE COOPERATIVE BANK', NULL, NULL, NULL, NULL, NULL, NULL, NULL, NULL, 1, '2019-01-09 11:18:14', '2019-01-09 11:18:14'),
(188, 'WESTPAC BANKING CORPORATION', NULL, NULL, NULL, NULL, NULL, NULL, NULL, NULL, 1, '2019-01-09 11:18:14', '2019-01-09 11:18:14'),
(189, 'YES BANK', NULL, NULL, NULL, NULL, NULL, NULL, NULL, NULL, 1, '2019-01-09 11:18:14', '2019-01-09 11:18:14'),
(190, 'THE ZOROASTRIAN COOPERATIVE BANK LIMITED', NULL, NULL, NULL, NULL, NULL, NULL, NULL, NULL, 1, '2019-01-09 11:18:14', '2019-01-09 11:18:14'),
(191, 'ZILA SAHAKRI BANK LIMITED GHAZIABAD', NULL, NULL, NULL, NULL, NULL, NULL, NULL, NULL, 1, '2019-01-09 11:18:14', '2019-01-09 11:18:14');

-- --------------------------------------------------------

--
-- Table structure for table `bulletins`
--

CREATE TABLE `bulletins` (
  `id` int(11) NOT NULL,
  `category` varchar(200) COLLATE utf8_bin DEFAULT NULL,
  `rank` int(10) DEFAULT NULL,
  `start_date` datetime DEFAULT NULL,
  `title` varchar(200) COLLATE utf8_bin DEFAULT NULL,
  `description` text COLLATE utf8_bin,
  `file_path` varchar(200) COLLATE utf8_bin DEFAULT NULL,
  `employee_filter` varchar(200) COLLATE utf8_bin DEFAULT NULL,
  `status` tinyint(1) NOT NULL DEFAULT '1',
  `createdAt` datetime NOT NULL,
  `updatedAt` datetime NOT NULL
) ENGINE=InnoDB DEFAULT CHARSET=utf8 COLLATE=utf8_bin;

--
-- Dumping data for table `bulletins`
--

INSERT INTO `bulletins` (`id`, `category`, `rank`, `start_date`, `title`, `description`, `file_path`, `employee_filter`, `status`, `createdAt`, `updatedAt`) VALUES
(1, 'Nhi Pta', 1, '2018-12-12 05:30:00', 'Kuch Bhi', 'Ye bhi nhi pta', 'no', '1', 1, '2018-10-30 18:08:05', '2018-10-30 18:08:05');

-- --------------------------------------------------------

--
-- Table structure for table `consultants`
--

CREATE TABLE `consultants` (
  `id` int(11) NOT NULL,
  `name` varchar(200) COLLATE utf8_bin NOT NULL,
  `mobile_no` varchar(200) COLLATE utf8_bin DEFAULT NULL,
  `email` varchar(128) COLLATE utf8_bin NOT NULL,
  `address_line1` text COLLATE utf8_bin,
  `address_line2` text COLLATE utf8_bin,
  `city` varchar(128) COLLATE utf8_bin DEFAULT NULL,
  `state` varchar(128) COLLATE utf8_bin DEFAULT NULL,
  `pin_code` int(11) DEFAULT NULL,
  `term_condition` varchar(200) COLLATE utf8_bin DEFAULT NULL,
  `createdAt` datetime NOT NULL,
  `updatedAt` datetime NOT NULL
) ENGINE=InnoDB DEFAULT CHARSET=utf8 COLLATE=utf8_bin;

--
-- Dumping data for table `consultants`
--

INSERT INTO `consultants` (`id`, `name`, `mobile_no`, `email`, `address_line1`, `address_line2`, `city`, `state`, `pin_code`, `term_condition`, `createdAt`, `updatedAt`) VALUES
(1, 'Deepak', '875896586', 'deepak.singh@spaaksupertec.com', 'Noida', 'Noida', NULL, NULL, NULL, NULL, '2019-02-28 15:29:28', '2019-02-28 15:29:28'),
(10, 'deepak', '2343435645', 'deepak@gmail.com', 'rgsrgdrthy', 'sdrgthyt', 'noida', 'delhi', 4354545, 'public\\files\\consultant-files\\deepak-1554441842742.docx', '2019-04-05 10:54:02', '2019-04-05 10:54:02'),
(11, 'nita', '9871440765', 'nita', 'sfsdgtd', 'sertrtr', 'noida', 'delhi', 4354545, 'public\\files\\consultant-files\\nita-1554443322002.pdf', '2019-04-05 11:18:42', '2019-04-05 11:18:42');

-- --------------------------------------------------------

--
-- Table structure for table `countries`
--

CREATE TABLE `countries` (
  `id` int(11) NOT NULL,
  `code` varchar(200) COLLATE utf8_bin DEFAULT NULL,
  `name` varchar(200) COLLATE utf8_bin NOT NULL,
  `dial_code` varchar(100) COLLATE utf8_bin DEFAULT NULL,
  `status` tinyint(1) NOT NULL DEFAULT '1',
  `createdAt` datetime NOT NULL,
  `updatedAt` datetime NOT NULL
) ENGINE=InnoDB DEFAULT CHARSET=utf8 COLLATE=utf8_bin;

--
-- Dumping data for table `countries`
--

INSERT INTO `countries` (`id`, `code`, `name`, `dial_code`, `status`, `createdAt`, `updatedAt`) VALUES
(1, 'IN', 'India', '91', 1, '2018-11-26 00:00:00', '2018-11-26 00:00:00');

-- --------------------------------------------------------

--
-- Table structure for table `course_topics`
--

CREATE TABLE `course_topics` (
  `id` int(11) NOT NULL,
  `course_id` int(11) NOT NULL,
  `name` varchar(200) COLLATE utf8_bin NOT NULL,
  `description` text COLLATE utf8_bin,
  `status` tinyint(1) NOT NULL DEFAULT '1',
  `createdAt` datetime NOT NULL,
  `updatedAt` datetime NOT NULL
) ENGINE=InnoDB DEFAULT CHARSET=utf8 COLLATE=utf8_bin;

--
-- Dumping data for table `course_topics`
--

INSERT INTO `course_topics` (`id`, `course_id`, `name`, `description`, `status`, `createdAt`, `updatedAt`) VALUES
(7, 5, 'component', 'drhftuj', 1, '2019-04-16 15:29:29', '2019-04-16 15:29:50'),
(8, 5, 'php', 'sdfsvgd', 1, '2019-04-16 15:53:30', '2019-04-16 15:53:30');

-- --------------------------------------------------------

--
-- Table structure for table `departments`
--

CREATE TABLE `departments` (
  `id` int(11) NOT NULL,
  `name` varchar(200) COLLATE utf8_bin NOT NULL,
  `status` tinyint(1) NOT NULL DEFAULT '1',
  `createdAt` datetime NOT NULL,
  `updatedAt` datetime NOT NULL
) ENGINE=InnoDB DEFAULT CHARSET=utf8 COLLATE=utf8_bin;

--
-- Dumping data for table `departments`
--

INSERT INTO `departments` (`id`, `name`, `status`, `createdAt`, `updatedAt`) VALUES
(5, 'sales', 1, '2018-10-29 14:55:10', '2018-10-29 14:55:10'),
(6, 'ITt', 1, '2018-10-29 14:55:12', '2018-10-29 16:25:06'),
(7, 'Account', 1, '2018-10-29 14:55:17', '2018-10-29 14:55:17');

-- --------------------------------------------------------

--
-- Table structure for table `designations`
--

CREATE TABLE `designations` (
  `id` int(11) NOT NULL,
  `name` varchar(200) COLLATE utf8_bin NOT NULL,
  `status` tinyint(1) NOT NULL DEFAULT '1',
  `createdAt` datetime NOT NULL,
  `updatedAt` datetime NOT NULL
) ENGINE=InnoDB DEFAULT CHARSET=utf8 COLLATE=utf8_bin;

--
-- Dumping data for table `designations`
--

INSERT INTO `designations` (`id`, `name`, `status`, `createdAt`, `updatedAt`) VALUES
(10, 'Sales Man', 1, '2018-10-29 12:22:07', '2018-10-29 16:25:26');

-- --------------------------------------------------------

--
-- Table structure for table `employeegps_trackings`
--

CREATE TABLE `employeegps_trackings` (
  `id` int(11) NOT NULL,
  `employee_id` int(11) NOT NULL,
  `lattitude` varchar(200) COLLATE utf8_bin NOT NULL,
  `longitude` varchar(200) COLLATE utf8_bin NOT NULL,
  `status` tinyint(1) NOT NULL DEFAULT '1',
  `createdAt` datetime NOT NULL,
  `updatedAt` datetime NOT NULL
) ENGINE=InnoDB DEFAULT CHARSET=utf8 COLLATE=utf8_bin;

--
-- Dumping data for table `employeegps_trackings`
--

INSERT INTO `employeegps_trackings` (`id`, `employee_id`, `lattitude`, `longitude`, `status`, `createdAt`, `updatedAt`) VALUES
(1, 27, '28.69671', '77.2813465', 1, '2019-02-26 12:57:02', '2019-02-26 12:57:02'),
(2, 27, '28.69671', '77.2813465', 1, '2019-02-26 12:57:02', '2019-02-26 12:57:02'),
(3, 27, '28.69671', '77.2813465', 1, '2019-02-26 12:57:15', '2019-02-26 12:57:15'),
(4, 27, '28.69671', '77.2813465', 1, '2019-02-26 12:57:35', '2019-02-26 12:57:35'),
(5, 27, '28.69671', '77.2813465', 1, '2019-02-26 12:57:55', '2019-02-26 12:57:55'),
(6, 27, '28.69671', '77.2813465', 1, '2019-02-26 12:58:16', '2019-02-26 12:58:16'),
(7, 27, '28.69671', '77.2813465', 1, '2019-02-26 12:58:36', '2019-02-26 12:58:36'),
(8, 27, '28.6097775', '77.3633826', 1, '2019-02-26 12:58:57', '2019-02-26 12:58:57'),
(9, 27, '28.6097794', '77.3634086', 1, '2019-02-26 12:59:18', '2019-02-26 12:59:18'),
(10, 27, '28.6097718', '77.3633923', 1, '2019-02-26 12:59:39', '2019-02-26 12:59:39'),
(11, 27, '28.6097794', '77.3634086', 1, '2019-02-26 12:59:59', '2019-02-26 12:59:59'),
(12, 27, '28.6097794', '77.3634086', 1, '2019-02-26 13:00:19', '2019-02-26 13:00:19'),
(13, 27, '28.6097794', '77.3634086', 1, '2019-02-26 13:00:39', '2019-02-26 13:00:39'),
(14, 27, '28.6097794', '77.3634086', 1, '2019-02-26 13:00:59', '2019-02-26 13:00:59'),
(15, 27, '28.6097794', '77.3634086', 1, '2019-02-26 13:01:55', '2019-02-26 13:01:55'),
(16, 27, '28.6097794', '77.3634086', 1, '2019-02-26 13:01:55', '2019-02-26 13:01:55'),
(17, 27, '28.6097794', '77.3634086', 1, '2019-02-26 13:03:24', '2019-02-26 13:03:24'),
(18, 27, '28.6097794', '77.3634086', 1, '2019-02-26 13:04:47', '2019-02-26 13:04:47'),
(19, 27, '28.6097794', '77.3634086', 1, '2019-02-26 13:06:09', '2019-02-26 13:06:09'),
(20, 27, '28.6097794', '77.3634086', 1, '2019-02-26 13:07:49', '2019-02-26 13:07:49'),
(21, 27, '28.6097794', '77.3634086', 1, '2019-02-26 13:09:20', '2019-02-26 13:09:20'),
(22, 27, '28.69671', '77.2813465', 1, '2019-02-26 13:10:35', '2019-02-26 13:10:35'),
(23, 27, '28.69671', '77.2813465', 1, '2019-02-26 13:10:35', '2019-02-26 13:10:35'),
(24, 27, '28.69671', '77.2813465', 1, '2019-02-26 13:11:52', '2019-02-26 13:11:52'),
(25, 27, '28.69671', '77.2813465', 1, '2019-02-26 13:13:13', '2019-02-26 13:13:13'),
(26, 27, '28.69671', '77.2813465', 1, '2019-02-26 13:14:35', '2019-02-26 13:14:35'),
(27, 27, '28.69671', '77.2813465', 1, '2019-02-26 13:15:59', '2019-02-26 13:15:59'),
(28, 27, '28.6097794', '77.3634086', 1, '2019-02-26 13:17:24', '2019-02-26 13:17:24'),
(29, 27, '28.6098132', '77.3631584', 1, '2019-02-26 13:18:45', '2019-02-26 13:18:45'),
(30, 27, '28.6097794', '77.3634086', 1, '2019-02-26 13:21:00', '2019-02-26 13:21:00'),
(31, 27, '28.6097794', '77.3634086', 1, '2019-02-26 13:21:00', '2019-02-26 13:21:00'),
(32, 27, '28.6098132', '77.3631584', 1, '2019-02-26 13:22:21', '2019-02-26 13:22:21'),
(33, 27, '28.6097794', '77.3634086', 1, '2019-02-26 13:23:39', '2019-02-26 13:23:39'),
(34, 27, '28.6097794', '77.3634086', 1, '2019-02-26 13:25:00', '2019-02-26 13:25:00'),
(35, 27, '28.6097794', '77.3634086', 1, '2019-02-26 13:26:20', '2019-02-26 13:26:20'),
(36, 27, '28.6097794', '77.3634086', 1, '2019-02-26 13:27:50', '2019-02-26 13:27:50'),
(37, 27, '28.6097794', '77.3634086', 1, '2019-02-26 13:29:01', '2019-02-26 13:29:01'),
(38, 27, '28.6097718', '77.36341', 1, '2019-02-26 13:30:21', '2019-02-26 13:30:21'),
(39, 27, '28.6089365', '77.3642441', 1, '2019-02-26 13:31:41', '2019-02-26 13:31:41'),
(40, 27, '28.6097794', '77.3634086', 1, '2019-02-26 13:33:03', '2019-02-26 13:33:03'),
(41, 27, '28.6121479', '77.365703', 1, '2019-02-26 13:56:34', '2019-02-26 13:56:34'),
(42, 27, '28.6096288', '77.3632152', 1, '2019-02-26 13:57:39', '2019-02-26 13:57:39'),
(43, 27, '28.69671', '77.2813465', 1, '2019-02-26 13:58:59', '2019-02-26 13:58:59'),
(44, 27, '28.69671', '77.2813465', 1, '2019-02-26 14:00:22', '2019-02-26 14:00:22'),
(45, 27, '28.69671', '77.2813465', 1, '2019-02-26 14:01:44', '2019-02-26 14:01:44'),
(46, 27, '28.69671', '77.2813465', 1, '2019-02-26 14:36:40', '2019-02-26 14:36:40'),
(47, 27, '28.69671', '77.2813465', 1, '2019-02-26 14:36:40', '2019-02-26 14:36:40'),
(48, 27, '28.69671', '77.2813465', 1, '2019-02-26 14:37:09', '2019-02-26 14:37:09'),
(49, 27, '28.69671', '77.2813465', 1, '2019-02-26 14:37:09', '2019-02-26 14:37:09'),
(50, 27, '28.69671', '77.2813465', 1, '2019-02-26 14:39:14', '2019-02-26 14:39:14'),
(51, 27, '28.69671', '77.2813465', 1, '2019-02-26 14:42:49', '2019-02-26 14:42:49'),
(52, 27, '28.6097794', '77.3634086', 1, '2019-02-26 14:45:26', '2019-02-26 14:45:26'),
(53, 27, '28.6097794', '77.3634086', 1, '2019-02-26 14:48:03', '2019-02-26 14:48:03'),
(54, 27, '28.6097794', '77.3634086', 1, '2019-02-26 14:51:07', '2019-02-26 14:51:07'),
(55, 27, '28.6097794', '77.3634086', 1, '2019-02-26 14:53:40', '2019-02-26 14:53:40'),
(56, 27, '28.6097794', '77.3634086', 1, '2019-02-26 14:54:48', '2019-02-26 14:54:48'),
(57, 27, '28.6097794', '77.3634086', 1, '2019-02-26 14:54:48', '2019-02-26 14:54:48'),
(58, 27, '28.6097794', '77.3634086', 1, '2019-02-26 14:57:19', '2019-02-26 14:57:19'),
(59, 27, '28.6097794', '77.3634086', 1, '2019-02-26 14:57:34', '2019-02-26 14:57:34'),
(60, 27, '28.6097794', '77.3634086', 1, '2019-02-26 14:57:34', '2019-02-26 14:57:34'),
(61, 27, '28.6097794', '77.3634086', 1, '2019-02-26 15:23:07', '2019-02-26 15:23:07'),
(62, 27, '28.6097794', '77.3634086', 1, '2019-02-26 15:23:07', '2019-02-26 15:23:07'),
(63, 27, '28.6097794', '77.3634086', 1, '2019-02-26 15:25:37', '2019-02-26 15:25:37'),
(64, 27, '28.6097794', '77.3634086', 1, '2019-02-26 15:28:16', '2019-02-26 15:28:16'),
(65, 27, '28.6097774', '77.3633743', 1, '2019-02-26 16:32:53', '2019-02-26 16:32:53'),
(66, 27, '28.6097774', '77.3633743', 1, '2019-02-26 16:32:53', '2019-02-26 16:32:53'),
(67, 27, '28.6097357', '77.3634238', 1, '2019-02-26 16:49:22', '2019-02-26 16:49:22'),
(68, 27, '28.6097357', '77.3634238', 1, '2019-02-26 16:49:22', '2019-02-26 16:49:22'),
(69, 27, '28.6097357', '77.3634238', 1, '2019-02-26 16:51:53', '2019-02-26 16:51:53'),
(70, 27, '28.6089365', '77.3642441', 1, '2019-02-26 16:54:23', '2019-02-26 16:54:23'),
(71, 27, '28.6097794', '77.3634086', 1, '2019-02-26 16:56:15', '2019-02-26 16:56:15'),
(72, 27, '28.6097794', '77.3634086', 1, '2019-02-26 16:57:35', '2019-02-26 16:57:35'),
(73, 27, '28.6097794', '77.3634086', 1, '2019-02-26 17:00:05', '2019-02-26 17:00:05'),
(74, 27, '28.69671', '77.2813465', 1, '2019-02-26 17:02:35', '2019-02-26 17:02:35'),
(75, 27, '28.6097794', '77.3634086', 1, '2019-02-26 17:16:01', '2019-02-26 17:16:01'),
(76, 27, '28.6097794', '77.3634086', 1, '2019-02-26 17:37:55', '2019-02-26 17:37:55'),
(77, 27, '28.6097794', '77.3634086', 1, '2019-02-26 17:38:16', '2019-02-26 17:38:16'),
(78, 27, '28.6097794', '77.3634086', 1, '2019-02-26 17:38:16', '2019-02-26 17:38:16'),
(79, 27, '28.6097728', '77.3633979', 1, '2019-02-28 12:00:23', '2019-02-28 12:00:23'),
(80, 27, '28.6097412', '77.3633974', 1, '2019-03-01 12:26:28', '2019-03-01 12:26:28'),
(81, 27, '28.6097412', '77.3633974', 1, '2019-03-01 12:26:28', '2019-03-01 12:26:28'),
(82, 27, '28.6097412', '77.3633974', 1, '2019-03-01 12:28:00', '2019-03-01 12:28:00'),
(83, 27, '28.610032', '77.3630362', 1, '2019-03-01 12:29:20', '2019-03-01 12:29:20'),
(84, 27, '28.6097412', '77.3633974', 1, '2019-03-01 12:30:42', '2019-03-01 12:30:42'),
(85, 27, '28.6097412', '77.3633974', 1, '2019-03-01 12:32:04', '2019-03-01 12:32:04'),
(86, 27, '28.6097412', '77.3633974', 1, '2019-03-01 12:33:25', '2019-03-01 12:33:25'),
(87, 27, '28.6097419', '77.3633957', 1, '2019-03-01 12:34:48', '2019-03-01 12:34:48'),
(88, 27, '28.6097063', '77.3632589', 1, '2019-03-01 12:36:19', '2019-03-01 12:36:19'),
(89, 27, '28.609793', '77.3631444', 1, '2019-03-01 12:37:45', '2019-03-01 12:37:45'),
(90, 27, '28.6097412', '77.3633974', 1, '2019-03-01 12:39:06', '2019-03-01 12:39:06'),
(91, 27, '28.6097436', '77.3632791', 1, '2019-03-01 12:40:41', '2019-03-01 12:40:41'),
(92, 27, '28.6097412', '77.3633974', 1, '2019-03-01 13:01:11', '2019-03-01 13:01:11');

-- --------------------------------------------------------

--
-- Table structure for table `employees`
--

CREATE TABLE `employees` (
  `id` int(11) NOT NULL,
  `user_id` int(11) NOT NULL,
  `initials` varchar(10) COLLATE utf8_bin DEFAULT NULL,
  `nick_name` varchar(100) COLLATE utf8_bin DEFAULT NULL,
  `first_name` varchar(100) COLLATE utf8_bin NOT NULL,
  `middle_name` varchar(100) COLLATE utf8_bin DEFAULT NULL,
  `last_name` varchar(100) COLLATE utf8_bin DEFAULT NULL,
  `dob` date DEFAULT NULL,
  `place_of_birth` varchar(100) COLLATE utf8_bin DEFAULT NULL,
  `birth_day` varchar(50) COLLATE utf8_bin DEFAULT NULL,
  `gender` varchar(10) COLLATE utf8_bin DEFAULT NULL,
  `joining_date` date DEFAULT NULL,
  `employment_status` int(11) DEFAULT NULL,
  `probation_period` int(11) DEFAULT NULL,
  `confirm_date` datetime DEFAULT NULL,
  `company_email` varchar(100) COLLATE utf8_bin DEFAULT NULL,
  `personal_email` varchar(100) COLLATE utf8_bin DEFAULT NULL,
  `marital_status` varchar(20) COLLATE utf8_bin DEFAULT NULL,
  `marriage_date` date DEFAULT NULL,
  `blood_group` varchar(10) COLLATE utf8_bin DEFAULT NULL,
  `notice_period` int(11) DEFAULT NULL,
  `is_physical_challaged` tinyint(1) DEFAULT '0',
  `mobile_number` varchar(200) COLLATE utf8_bin DEFAULT NULL,
  `emergency_contact_name` varchar(100) COLLATE utf8_bin DEFAULT NULL,
  `emergency_contact_number` varchar(200) COLLATE utf8_bin DEFAULT NULL,
  `father_name` varchar(100) COLLATE utf8_bin DEFAULT NULL,
  `spouse_name` varchar(100) COLLATE utf8_bin DEFAULT NULL,
  `salary_payment_mode` varchar(100) COLLATE utf8_bin DEFAULT NULL,
  `nationality` int(11) DEFAULT NULL,
  `religion` int(11) DEFAULT NULL,
  `is_portal_access_allow` tinyint(1) NOT NULL DEFAULT '1',
  `is_deleted` tinyint(1) NOT NULL DEFAULT '0',
  `is_enable_mobile` tinyint(1) NOT NULL DEFAULT '0',
  `device_token` text COLLATE utf8_bin,
  `device_type` text COLLATE utf8_bin,
  `status` tinyint(1) NOT NULL DEFAULT '1',
  `createdAt` datetime NOT NULL,
  `updatedAt` datetime NOT NULL,
  `Employee_family` int(11) DEFAULT NULL
) ENGINE=InnoDB DEFAULT CHARSET=utf8 COLLATE=utf8_bin;

--
-- Dumping data for table `employees`
--

INSERT INTO `employees` (`id`, `user_id`, `initials`, `nick_name`, `first_name`, `middle_name`, `last_name`, `dob`, `place_of_birth`, `birth_day`, `gender`, `joining_date`, `employment_status`, `probation_period`, `confirm_date`, `company_email`, `personal_email`, `marital_status`, `marriage_date`, `blood_group`, `notice_period`, `is_physical_challaged`, `mobile_number`, `emergency_contact_name`, `emergency_contact_number`, `father_name`, `spouse_name`, `salary_payment_mode`, `nationality`, `religion`, `is_portal_access_allow`, `is_deleted`, `is_enable_mobile`, `device_token`, `device_type`, `status`, `createdAt`, `updatedAt`, `Employee_family`) VALUES
(1, 19, 'Mr', 'Deep', 'IndU paglet', 'testmasdsdfd', 'testlasdfsadf', '2019-02-13', '', '', '', '2019-02-06', 1, 132, '2018-12-12 05:30:00', '', 'na@sdf.com', '', '2018-12-12', 'B+', 0, 0, '45545454', 'azsdfsdaf', '2134325456547657', 'fsddcfds', 'nakjfd', 'fsdfhgsdhasd', 1, 1, 1, 0, 1, 'HJGDJSAGDJSA5545656465YYUYUGJ', 'IOS', 1, '2018-10-30 12:17:43', '2019-04-23 10:02:38', NULL),
(2, 20, 'Mr.', NULL, 'Deepak', 'kk', 'jkl', '2018-10-18', 'dsfsd', NULL, 'male', '2018-10-10', 1, 45, '2018-10-10 05:30:00', 'spakk@g.com', 'na@g.com', NULL, NULL, 'B+', NULL, 0, '455454', '55454', '5454', 'sfd', 's', NULL, 4, 1, 1, 0, 1, NULL, NULL, 1, '2018-10-31 12:08:50', '2019-04-23 10:02:44', NULL),
(5, 29, 'Ms.', NULL, 'Ravan', 'fsd', 'sfd', '2018-10-11', 'fds', NULL, 'male', '2018-10-19', 1, 30, '2018-10-16 05:30:00', 'nak@gfdkjkj.com', 'nfkd@yd.com', NULL, NULL, 'B+', NULL, 1, '5665', '6', '65', '6', '65', NULL, 3, 1, 1, 0, 0, NULL, NULL, 1, '2018-10-31 15:12:56', '2018-10-31 15:12:56', NULL),
(6, 30, 'Ms.', NULL, 'Ram', 'fs', 'fsd', '2018-10-17', 'fsd', NULL, 'female', '2018-10-13', 1, 544, '2018-10-03 05:30:00', 'fdh@fd.com', 'fsdfs@y.com', NULL, NULL, 'B+', NULL, 1, '5', '45', '45', '45', '45', NULL, 4, 1, 1, 1, 0, NULL, NULL, 0, '2018-10-31 15:23:17', '2019-04-06 10:56:16', NULL),
(13, 41, 'Mr.', NULL, 'Amrish Puri', 'kjkj', 'kj', '2018-10-12', 'kjjk', NULL, 'male', '2018-10-18', 1, 54, '2018-10-12 05:30:00', 'fsdfsdfds@.cpo', 'nk@g.co', NULL, NULL, 'B+', NULL, 0, '5445', '554', '54', '54', '54', NULL, 4, 2, 1, 1, 0, NULL, NULL, 0, '2018-10-31 15:50:53', '2019-04-06 10:56:14', NULL),
(18, 48, 'Mr.', NULL, 'Gabbar Singh', 'jkkjjk', 'klkl', '2018-10-12', 'fsdfsdf', NULL, 'female', '2018-10-12', 1, 54, '2018-10-04 05:30:00', 'nsfkdjsdjkfweriu@g.com', 'jkdfskjfsdierjkru@fdk.com', NULL, NULL, 'B+', NULL, 0, '54', '54', '54', 'fsd', 'sdsfd', NULL, 1, 2, 1, 1, 0, NULL, NULL, 0, '2018-10-31 16:20:42', '2019-04-06 10:56:12', NULL),
(19, 49, 'Ms.', NULL, 'Umakant', 'fsfs', 'fsdf', '2018-10-12', 'fsdfsdf', NULL, 'male', '2018-10-11', 1, 5445, '2018-10-12 05:30:00', 'jkfdkjf@yr.com', 'jklsfsuer@y.com', NULL, NULL, 'B+', NULL, 1, '65698', '87', '45', 'fs', 'fsf', NULL, 1, 2, 1, 1, 0, NULL, NULL, 0, '2018-10-31 16:23:38', '2019-04-06 10:56:10', NULL),
(20, 50, 'Ms.', NULL, 'John', 'fsd', 'fsd', '2018-10-19', 'ko', NULL, 'female', '2018-10-19', 1, 54, '2018-10-11 05:30:00', 'werw@y.com', 'kjsfdje@g.com', NULL, NULL, 'A-', NULL, 1, '465', '456', '5454', 'sdf', 'fsfd', NULL, 1, 1, 1, 1, 0, NULL, NULL, 0, '2018-10-31 16:26:21', '2019-04-06 10:56:09', NULL),
(21, 51, 'Ms.', NULL, 'kjjk', '', 'wer', '2018-12-25', '', NULL, 'male', '2018-11-07', 1, 5445, '2018-11-14 05:30:00', 'rwerwer@g.com', 'jjoioi@g.com', NULL, NULL, 'O+', NULL, 1, '5454877886', 'sdfwerwer', '8787549889', 'fsfewrwe', '', NULL, 1, 2, 1, 1, 0, NULL, NULL, 0, '2018-11-20 15:27:47', '2019-04-06 10:56:07', NULL),
(22, 52, 'Mr.', NULL, 'rwer', 'rw', 'wre', '2018-11-23', '', NULL, 'female', '2018-11-15', 1, 45, '2018-11-14 05:30:00', 'ewrwer@g.com', 'rewrwe@g.com', NULL, NULL, 'B+', NULL, 0, '45645', '46654', '452', 'fgewr', '', NULL, 1, 1, 1, 1, 0, NULL, NULL, 0, '2018-11-20 15:38:25', '2018-11-21 12:33:06', NULL),
(23, 54, 'Mr.', NULL, 'Rajiv ', '', 'Gandhi', '2018-11-30', 'ora', NULL, 'male', '2018-11-26', 1, 78, '2018-11-30 05:30:00', 'raraj@company.com', 'rraja@gmail.com', NULL, NULL, 'B+', NULL, 0, '7894561237', 'Rajiv', '7854421212', 'Rajeec', '', NULL, 4, 1, 1, 1, 0, NULL, NULL, 0, '2018-11-26 18:11:36', '2019-04-06 10:56:04', NULL),
(24, 55, 'Ms.', NULL, 'ljkjj', '', 'fsd', '2018-11-10', '', NULL, 'male', '2018-11-02', 1, 1212, '2018-11-15 05:30:00', 'sd@g.com', 'fs@g.com', NULL, NULL, 'A-', NULL, 0, '9654631447', '5448878785445', '5512455454', 'fsdf', '', NULL, 1, 2, 1, 1, 0, NULL, NULL, 0, '2018-11-30 12:52:09', '2019-04-06 10:56:02', NULL),
(25, 56, 'Ms.', NULL, 'sjfhsdjf', 'hdsfgdh', 'sgdfhgf', '2018-12-01', 'sdfgdfg', NULL, 'female', '2018-12-08', 1, 1232, '2018-12-07 05:30:00', 'neelam@gmail.com', 'shita@gmail.com', NULL, NULL, 'B+', NULL, 0, '2343254365', 'sdgdfh', '3543654657', 'dgfhgjh', 'hjyggfhfd', NULL, 4, 1, 1, 1, 0, NULL, NULL, 0, '2018-12-18 12:22:39', '2019-04-06 10:56:00', NULL),
(26, 57, 'Mrs.', NULL, 'indu', 'sadfsf', 'asdfasf', '2018-12-21', 'sdfdsgfg', NULL, 'female', '2018-12-28', 1, 2343, '2018-12-20 05:30:00', 'hem@gmail.com', 'nimita@gmail.com', NULL, NULL, 'AB-', NULL, 1, '2343565465', 'sdfdgf', '7856654634', 'sdfdfgdfg', 'sdfdfgdfh', NULL, 1, 1, 1, 1, 0, NULL, NULL, 0, '2018-12-18 12:38:19', '2019-04-06 10:55:58', NULL),
(27, 58, 'Miss.', NULL, 'nita', 'dfgfh', 'nmbvnvbn', '2018-12-07', 'cvbvnvbn', NULL, 'female', '2018-12-15', 1, 3244, '2018-12-13 05:30:00', 'cina@gmail.com', 'bina@gmail.com', NULL, NULL, 'AB-', NULL, 0, '3543465787', 'dgfgyhtyuh', '4565465762', 'vbnghujgyuj', 'xcgrdtefsd', NULL, 4, 2, 1, 1, 0, NULL, NULL, 0, '2018-12-18 12:44:46', '2019-04-06 10:55:57', NULL),
(28, 59, 'Mrs.', NULL, 'sdsfs', 'dgfdg', 'xcvgv', '2018-12-15', 'htrhrtghtr', NULL, 'female', '2018-12-14', 1, 4355, '2018-12-20 05:30:00', 'malu@gmail.com', 'kalu@gmail.com', NULL, NULL, 'AB+', NULL, 1, '9877867645', 'dgfg', '9808989768', 'retrtytry', 'wrertret', NULL, 4, 1, 1, 1, 0, NULL, NULL, 0, '2018-12-18 12:56:42', '2019-04-06 10:55:54', NULL),
(29, 60, 'Ms.', NULL, 'cfghgj', 'gfhjhgjk', 'ghjk', '2018-12-23', 'fgjhhgj', NULL, 'female', '2018-12-06', 1, 43, '2018-12-13 05:30:00', 'khina@gmail.com', 'lina@gmail.com', NULL, NULL, 'B+', NULL, 1, '9078678654', 'hgjhjk', '3547687987', 'cfghtfuyg', 'sdgtdrghf', NULL, 1, 2, 1, 1, 0, NULL, NULL, 0, '2018-12-18 13:12:07', '2019-04-06 10:55:52', NULL),
(30, 61, 'Mrs.', NULL, 'xcvcb', 'gfbnhn', 'cvnvn', '2018-12-21', 'trytu', NULL, 'female', '2018-12-22', 1, 5657, '2018-12-13 05:30:00', 'shreya@gmail.com', 'priya@gmail.com', NULL, NULL, 'AB+', NULL, 1, '4354657568', 'sdfsdg', '354645756', 'sdfdg', 'sdgdfhfg', NULL, 4, 1, 1, 1, 0, NULL, NULL, 0, '2018-12-18 13:14:15', '2019-04-06 10:55:50', NULL),
(31, 62, 'Ms.', NULL, 'sfdg', 'dfgdfgh', 'dfgh', '2019-01-02', 'drgdfhg', NULL, 'male', '2019-01-10', 1, 3434, '2019-01-09 05:30:00', 'sindu@gmail.com', 'indu@gmail.com', NULL, NULL, 'A-', NULL, 0, '1231344354', 'dsafdsdgdf', '2132432543', 'sdfxdgfh', 'sdfgdgh', NULL, 1, 1, 1, 1, 0, NULL, NULL, 0, '2019-01-05 17:22:54', '2019-04-06 10:55:48', NULL),
(32, 63, 'Ms.', NULL, 'esrtfdsftg', 'sdfdsg', 'sdgfdg', '2019-01-01', 'drgtdsg', NULL, 'male', '2019-01-10', 1, 2342, '2019-01-03 05:30:00', 'teena@gmail.com', 'titu@gmail.com', NULL, NULL, 'A-', NULL, 0, '1232343254', 'sdfsgfd', '1232134235', 'dfdgdfgh', 'sdfdxgfh', NULL, 1, 2, 1, 1, 0, NULL, NULL, 0, '2019-01-07 12:35:33', '2019-04-06 10:55:46', NULL),
(33, 64, 'Ms.', NULL, 'sadfasfs', 'sdfsdf', 'sdfg', '2019-01-07', 'sdfvdsgf', NULL, 'male', '2019-01-09', 1, 3333, '2019-01-02 05:30:00', 'meena@gmail.com', 'leena@gmail.com', NULL, NULL, 'A+', NULL, 0, '2343543654', 'sdfdgdf', '4234536547', 'sdfdgfh', 'dgfdhgf', NULL, 4, 1, 1, 1, 0, NULL, NULL, 0, '2019-01-07 15:21:56', '2019-04-06 10:55:44', NULL),
(34, 65, 'Mr.', NULL, 'sdzszf', 'sdfsdf', 'sdfgsdg', '2019-01-05', 'sdfdsg', NULL, 'female', '2019-01-10', 1, 3344, '2019-01-10 05:30:00', 'kannu@gmail.com', 'kamal@gmail.com', NULL, NULL, 'A-', NULL, 0, '1232132423', 'asfdsgg', '2312432453', 'wtrdhyt', 'sretry', NULL, 4, 1, 1, 1, 0, NULL, NULL, 0, '2019-01-07 16:06:49', '2019-04-06 10:55:42', NULL),
(35, 66, 'Ms.', NULL, 'dszfgdfhgf', 'xdfghfcjh', 'xfdgfch', '2019-01-11', 'xdfgdg', NULL, 'female', '2019-01-03', 1, 4324, '2019-01-04 05:30:00', 'sumit@gmail.com', 'Amit@gmail.com', NULL, NULL, 'A+', NULL, 0, '2343546546', 'gffchfgh', '3423543564', 'dfgfh', 'cfhbfgvjh', NULL, 4, 2, 1, 1, 0, NULL, NULL, 0, '2019-01-07 16:29:12', '2019-04-06 10:55:40', NULL),
(36, 67, 'Ms.', NULL, 'dfsfsdf', 'sdfsd', 'sdfsdf', '2019-01-11', 'sdfsdf', NULL, 'male', '2019-01-02', 1, 3242, '2019-01-09 05:30:00', 'prakash@gmail.com', 'om@gmail.com', NULL, NULL, 'A-', NULL, 0, '1232435435', 'sdfsdgdfg', '2432435435', 'sdfdggfg', 'erweret', NULL, 4, 1, 1, 1, 0, NULL, NULL, 0, '2019-01-08 10:31:04', '2019-04-06 10:55:38', NULL),
(37, 68, 'Ms.', NULL, 'scsdfcdsfvertretwerewr', 'fgvdghdfgfdg', 'xdfgvfdgbfdg', '2019-01-02', 'xvgdfbgtfgbf', NULL, 'male', '2019-01-11', 1, 2131, '2019-01-10 05:30:00', 'tinku@gmail.com', 'renu@gmail.com', NULL, NULL, 'A-', NULL, 1, '1233124324', 'fetrrtryfy', '2132432435', 'xgttyuyui', 'rtreytrytry', NULL, 4, 2, 1, 1, 0, NULL, NULL, 0, '2019-01-08 10:34:35', '2019-04-06 10:55:36', NULL),
(38, 69, 'Mr.', NULL, 'wereertre', 'dfgdgfdg', 'tyrytyutuy', '2019-01-02', 'dfgdfgfhr', NULL, 'female', '2019-01-04', 1, 4565, '2019-01-04 05:30:00', 'tinki@gmail.com', 'himani@gmail.com', NULL, NULL, 'B+', NULL, 0, '1232432431', 'sdfsfdgf', '32432435', 'fhfgthyjhfghj', 'dgfdgfdgfhggf', NULL, 1, 1, 1, 1, 0, NULL, NULL, 0, '2019-01-08 10:42:04', '2019-04-06 10:55:33', NULL),
(39, 71, 'Mrs.', NULL, 'cxfghgf', 'ddfhfgh', 'dfhgfh', '2019-01-02', 'dgdfh', NULL, 'female', '2019-01-04', 1, 2343, '2019-01-03 05:30:00', 'chintu@gamil.com', 'jitu@gmail.com', NULL, NULL, 'B+', NULL, 0, '1234325425', 'sefrsrdgtdrgtry', '1243242353', 'sfdsgdg', 'afdsfsd', NULL, 1, 1, 1, 1, 0, NULL, NULL, 0, '2019-01-08 15:12:32', '2019-04-06 10:55:31', NULL),
(40, 72, 'Ms.', NULL, 'rita', '', 'joshi', '2019-02-01', '', NULL, 'female', '2019-02-02', 1, 23, '2019-02-02 05:30:00', 'sita@gmail.com', 'rita@gmail.com', NULL, NULL, '', NULL, 0, '2342235436', 'vikash', '8768634353', 'sdfgfdhgf', '', NULL, 1, 1, 1, 1, 0, NULL, NULL, 0, '2019-02-21 10:29:01', '2019-04-06 10:55:29', NULL),
(41, 73, 'Mr.', NULL, 'gaurav', 'fdgf', 'shukla', '2019-02-05', 'delhi', NULL, 'male', '2019-02-06', 2, 12, '2019-02-07 05:30:00', 'gagan@gmail.com', 'gaurav@gmail.com', NULL, NULL, 'A+', NULL, 0, '7289874567', 'gauri', '9871287655', 'kamal ', 'ssdsf', NULL, 1, 1, 1, 1, 0, NULL, NULL, 0, '2019-02-21 11:02:04', '2019-04-06 10:55:28', NULL),
(42, 74, 'Mr.', NULL, 'mayank', 'singh', 'rathore', '2019-02-01', 'bihar', NULL, 'male', '2019-02-07', 2, 12, '2019-02-08 05:30:00', 'monu@gmail.com', 'mayank@gmail.com', NULL, NULL, 'A+', NULL, 0, '5443287463', 'mannu', '3456789234', 'mahesh', 'erfetre', NULL, 4, 2, 1, 1, 0, NULL, NULL, 0, '2019-02-21 11:17:25', '2019-04-06 10:55:26', NULL),
(43, 75, 'Ms.', NULL, 'preeti', 'sfgf', 'joshi', '2019-03-08', 'dehradun', NULL, 'female', '2019-03-14', 1, 23, '2019-03-08 05:30:00', 'tina@gmail.com', 'preeti@gmail.com', NULL, NULL, 'A-', NULL, 0, '9871440718', 'preet', '3456547657', 'dinesh', 'hgdfdf', NULL, 1, 1, 1, 1, 0, NULL, NULL, 0, '2019-03-01 16:13:18', '2019-04-06 10:55:21', NULL);

-- --------------------------------------------------------

--
-- Table structure for table `employee_access_cards`
--

CREATE TABLE `employee_access_cards` (
  `id` int(11) NOT NULL,
  `employee_id` int(11) NOT NULL,
  `card_number` varchar(200) COLLATE utf8_bin NOT NULL,
  `from_date` datetime NOT NULL,
  `to_date` datetime NOT NULL,
  `status` tinyint(1) NOT NULL DEFAULT '1',
  `createdAt` datetime NOT NULL,
  `updatedAt` datetime NOT NULL
) ENGINE=InnoDB DEFAULT CHARSET=utf8 COLLATE=utf8_bin;

--
-- Dumping data for table `employee_access_cards`
--

INSERT INTO `employee_access_cards` (`id`, `employee_id`, `card_number`, `from_date`, `to_date`, `status`, `createdAt`, `updatedAt`) VALUES
(1, 1, 'nareshSingh123', '2019-02-01 05:30:00', '2019-02-02 05:30:00', 1, '2018-11-01 17:16:46', '2019-02-21 13:07:11'),
(2, 1, 'asdasd124312', '2019-02-02 05:30:00', '2018-12-12 05:30:00', 1, '2018-11-14 15:17:37', '2019-02-21 13:07:23'),
(8, 18, 'asdfsdfsdsfdasd124312', '2018-12-12 05:30:00', '2018-12-12 05:30:00', 1, '2018-11-14 15:24:54', '2018-11-14 15:24:54'),
(9, 19, '45454545', '2018-12-12 05:30:00', '2018-12-12 05:30:00', 1, '2018-11-14 15:25:13', '2018-11-14 15:25:13'),
(10, 5, '455478', '2018-11-14 05:30:00', '2018-11-20 05:30:00', 1, '2018-11-14 15:29:24', '2018-11-14 15:29:24'),
(11, 1, '214234', '2019-02-08 05:30:00', '2019-02-22 05:30:00', 1, '2018-12-18 16:15:01', '2019-02-21 12:51:15'),
(12, 1, '3546456', '2019-03-14 05:30:00', '2019-03-13 05:30:00', 1, '2019-03-13 11:06:09', '2019-03-13 11:06:09'),
(13, 1, '23534645', '2019-03-14 05:30:00', '2019-03-13 05:30:00', 1, '2019-03-13 11:11:54', '2019-03-13 11:11:54'),
(14, 1, '5346465657', '2019-03-15 05:30:00', '2019-03-14 05:30:00', 1, '2019-03-13 11:13:42', '2019-03-13 11:13:42'),
(15, 1, '3456478789', '0000-00-00 00:00:00', '0000-00-00 00:00:00', 1, '2019-03-13 11:27:10', '2019-03-13 11:27:10'),
(16, 1, '43564', '2019-03-18 05:30:00', '2019-03-27 05:30:00', 1, '2019-03-13 11:28:47', '2019-03-13 11:28:47');

-- --------------------------------------------------------

--
-- Table structure for table `employee_addresses`
--

CREATE TABLE `employee_addresses` (
  `id` int(11) NOT NULL,
  `employee_id` int(11) NOT NULL,
  `name` varchar(100) COLLATE utf8_bin DEFAULT NULL,
  `address_type` varchar(200) COLLATE utf8_bin NOT NULL,
  `address1` text COLLATE utf8_bin,
  `address2` text COLLATE utf8_bin,
  `address3` text COLLATE utf8_bin,
  `city` varchar(255) COLLATE utf8_bin DEFAULT NULL,
  `state_id` int(11) NOT NULL,
  `country_id` int(11) NOT NULL,
  `pin` varchar(100) COLLATE utf8_bin DEFAULT NULL,
  `phone1` varchar(200) COLLATE utf8_bin DEFAULT NULL,
  `phone2` varchar(200) COLLATE utf8_bin DEFAULT NULL,
  `fax` varchar(200) COLLATE utf8_bin DEFAULT NULL,
  `mobile` varchar(200) COLLATE utf8_bin DEFAULT NULL,
  `email` varchar(200) COLLATE utf8_bin DEFAULT NULL,
  `extn_no` varchar(200) COLLATE utf8_bin DEFAULT NULL,
  `status` tinyint(1) NOT NULL DEFAULT '1',
  `createdAt` datetime NOT NULL,
  `updatedAt` datetime NOT NULL
) ENGINE=InnoDB DEFAULT CHARSET=utf8 COLLATE=utf8_bin;

--
-- Dumping data for table `employee_addresses`
--

INSERT INTO `employee_addresses` (`id`, `employee_id`, `name`, `address_type`, `address1`, `address2`, `address3`, `city`, `state_id`, `country_id`, `pin`, `phone1`, `phone2`, `fax`, `mobile`, `email`, `extn_no`, `status`, `createdAt`, `updatedAt`) VALUES
(3, 1, NULL, 'Permanent', 'fsd', 'fs', 'sfd', 'noida', 2, 1, '4234', '423', '39', '42', '42', 'fsdjk@g.com', '243', 1, '2018-11-26 16:23:49', '2018-11-26 16:23:49'),
(4, 1, NULL, 'Contact', 'fsdfs', 'fs', 'sfd', 'noida', 2, 1, '4234', '423', '39', '42', '42', '', '243', 1, '2018-11-26 16:25:44', '2018-11-26 16:25:44'),
(5, 1, NULL, 'Contact', 'fsdfs', 'fs', 'sfd', 'noida', 2, 1, NULL, NULL, NULL, NULL, NULL, '', '243', 1, '2018-11-26 16:26:02', '2018-11-26 16:26:02'),
(6, 1, NULL, 'Contact', 'fsdfs', 'fs', 'sfd', 'noida', 2, 1, NULL, NULL, NULL, NULL, NULL, '', NULL, 1, '2018-11-26 16:26:16', '2018-11-26 16:26:16'),
(7, 1, NULL, 'Emergency', 'fsfsdf', 'wer', 'rwe', 'noida', 17, 1, '455445', '4587', '565698', '243', '244234', 'naresh101010@gmail.com', '423', 1, '2018-11-26 18:06:05', '2018-11-26 18:06:05'),
(8, 1, NULL, 'Permanent', 'k', 'fs', 'fs', 'noida', 1, 1, '423', '42', '423', '421', '', '', '', 1, '2018-11-26 18:08:10', '2018-11-26 18:08:10'),
(9, 1, NULL, 'Contact', 'derrr', 'lijl', 'jkljl', 'delhi', 7, 1, '285201', '7845125478', '4578211245', '8754', '87457887454554', 'abc@gmail.com', '87', 1, '2018-11-26 18:09:38', '2018-11-26 18:09:38');

-- --------------------------------------------------------

--
-- Table structure for table `employee_assets`
--

CREATE TABLE `employee_assets` (
  `id` int(11) NOT NULL,
  `employee_id` int(11) NOT NULL,
  `asset_id` int(11) NOT NULL,
  `received_date` datetime DEFAULT NULL,
  `valid_till` datetime DEFAULT NULL,
  `returned_on` datetime DEFAULT NULL,
  `remarks` text COLLATE utf8_bin,
  `status` tinyint(1) NOT NULL DEFAULT '1',
  `createdAt` datetime NOT NULL,
  `updatedAt` datetime NOT NULL
) ENGINE=InnoDB DEFAULT CHARSET=utf8 COLLATE=utf8_bin;

--
-- Dumping data for table `employee_assets`
--

INSERT INTO `employee_assets` (`id`, `employee_id`, `asset_id`, `received_date`, `valid_till`, `returned_on`, `remarks`, `status`, `createdAt`, `updatedAt`) VALUES
(3, 1, 1, '2018-12-12 05:30:00', '2018-12-12 05:30:00', '2019-02-08 05:30:00', 'Nothing', 1, '2018-11-13 14:34:18', '2019-02-13 12:29:14'),
(4, 1, 1, '2018-11-08 05:30:00', '2018-11-08 05:30:00', '2018-11-08 05:30:00', 'jkkj', 1, '2018-11-13 15:26:46', '2018-11-13 15:26:46'),
(5, 1, 1, '2018-11-17 05:30:00', '2018-11-16 05:30:00', '2018-11-15 05:30:00', 'hellow naresh', 1, '2018-11-13 15:28:55', '2018-11-13 15:28:55'),
(6, 1, 1, '2018-11-15 05:30:00', '2018-11-16 05:30:00', '2018-11-17 05:30:00', 'fsf', 1, '2018-11-14 10:42:47', '2018-11-14 10:42:47'),
(7, 1, 1, '2018-11-14 05:30:00', '2018-11-09 05:30:00', '2018-11-23 05:30:00', 'sf', 1, '2018-11-14 10:46:06', '2018-11-14 10:46:06'),
(8, 2, 1, '2018-11-21 05:30:00', '2018-11-17 05:30:00', '2018-11-15 05:30:00', 'fsdf', 1, '2018-11-14 10:46:39', '2018-11-14 10:46:39'),
(9, 1, 1, '2018-11-16 05:30:00', '2018-11-10 05:30:00', '2018-11-09 05:30:00', 'fsfs', 1, '2018-11-14 10:48:57', '2018-11-14 10:48:57'),
(13, 1, 1, '2018-11-08 05:30:00', '2018-11-08 05:30:00', '2018-11-08 05:30:00', 'fsdfsdf', 1, '2018-11-14 10:55:02', '2018-11-14 10:55:02'),
(14, 2, 1, '2018-11-10 05:30:00', '2018-11-09 05:30:00', '2018-11-14 05:30:00', 'fsfsdsdfsf', 1, '2018-11-14 10:55:45', '2018-11-14 10:55:45'),
(15, 1, 1, '2018-11-02 05:30:00', '2018-11-07 05:30:00', '2018-11-15 05:30:00', 'sfsfd', 1, '2018-11-14 10:59:14', '2018-11-14 10:59:14'),
(16, 1, 1, '2018-11-17 05:30:00', '2018-11-15 05:30:00', '2018-11-15 05:30:00', 'fsfserer', 1, '2018-11-14 10:59:35', '2018-11-14 10:59:35'),
(17, 18, 1, '2018-11-02 05:30:00', '2018-11-15 05:30:00', '2018-11-15 05:30:00', 'gdsf', 1, '2018-11-14 11:02:10', '2018-11-14 11:02:10'),
(18, 2, 1, '2018-11-08 05:30:00', '2018-11-14 05:30:00', '2018-11-16 05:30:00', 'rewrwerwrrwr', 1, '2018-11-14 11:04:02', '2018-11-14 11:04:02'),
(19, 1, 1, '2019-01-05 05:30:00', '2019-01-11 05:30:00', '2019-01-12 05:30:00', 'asfdgfth', 1, '2019-01-03 17:24:01', '2019-01-03 17:24:01'),
(20, 1, 1, '2019-02-01 05:30:00', '2019-02-02 05:30:00', '2019-02-04 05:30:00', 'dfdfd', 1, '2019-02-13 12:28:47', '2019-02-13 12:28:47'),
(21, 1, 2, '2019-02-02 05:30:00', '2019-02-01 05:30:00', '2018-02-01 05:30:00', 'dfgh', 1, '2019-02-18 15:54:35', '2019-02-18 15:54:35');

-- --------------------------------------------------------

--
-- Table structure for table `employee_attendances`
--

CREATE TABLE `employee_attendances` (
  `id` int(11) NOT NULL,
  `employee_id` int(11) NOT NULL,
  `shift_id` int(11) NOT NULL,
  `swipe_date` datetime NOT NULL,
  `punch_in` datetime NOT NULL,
  `punch_out` datetime NOT NULL,
  `door` varchar(255) COLLATE utf8_bin DEFAULT NULL,
  `late` varchar(255) COLLATE utf8_bin DEFAULT NULL,
  `early_leaving` varchar(255) COLLATE utf8_bin DEFAULT NULL,
  `overtime` varchar(255) COLLATE utf8_bin DEFAULT NULL,
  `status` tinyint(1) NOT NULL DEFAULT '1',
  `createdAt` datetime NOT NULL,
  `updatedAt` datetime NOT NULL
) ENGINE=InnoDB DEFAULT CHARSET=utf8 COLLATE=utf8_bin;

--
-- Dumping data for table `employee_attendances`
--

INSERT INTO `employee_attendances` (`id`, `employee_id`, `shift_id`, `swipe_date`, `punch_in`, `punch_out`, `door`, `late`, `early_leaving`, `overtime`, `status`, `createdAt`, `updatedAt`) VALUES
(1, 27, 1, '2019-01-01 00:00:00', '2019-01-01 09:14:00', '2019-01-01 18:02:00', NULL, '0', '0', '2', 1, '2019-03-11 12:43:07', '2019-03-11 12:43:07'),
(2, 27, 1, '2019-01-02 00:00:00', '2019-01-02 08:59:00', '2019-01-02 18:07:00', NULL, '0', '0', '7', 1, '2019-03-11 12:43:07', '2019-03-11 12:43:07'),
(3, 27, 1, '2019-01-03 00:00:00', '2019-01-03 09:03:00', '2019-01-03 18:12:00', NULL, '0', '0', '12', 1, '2019-03-11 12:43:07', '2019-03-11 12:43:07'),
(4, 27, 1, '2019-01-04 00:00:00', '2019-01-04 09:01:00', '2019-01-04 18:08:00', NULL, '0', '0', '8', 1, '2019-03-11 12:43:07', '2019-03-11 12:43:07'),
(5, 27, 1, '2019-01-05 00:00:00', '2019-01-05 09:10:00', '2019-01-05 18:03:00', NULL, '0', '0', '3', 1, '2019-03-11 12:43:07', '2019-03-11 12:43:07'),
(6, 27, 1, '2019-01-07 00:00:00', '2019-01-07 08:58:00', '2019-01-07 18:10:00', NULL, '0', '0', '10', 1, '2019-03-11 12:43:07', '2019-03-11 12:43:07'),
(7, 27, 1, '2019-01-08 00:00:00', '2019-01-08 08:59:00', '2019-01-08 18:10:00', NULL, '0', '0', '10', 1, '2019-03-11 12:43:07', '2019-03-11 12:43:07'),
(8, 27, 1, '2019-01-09 00:00:00', '2019-01-09 08:56:00', '2019-01-09 18:16:00', NULL, '0', '0', '16', 1, '2019-03-11 12:43:07', '2019-03-11 12:43:07'),
(9, 27, 1, '2019-01-10 00:00:00', '2019-01-10 11:33:00', '2019-01-10 18:14:00', NULL, '123', '0', '14', 1, '2019-03-11 12:43:07', '2019-03-11 12:43:07'),
(10, 43, 1, '2019-01-01 00:00:00', '2019-01-01 10:33:00', '2019-01-01 18:43:00', NULL, '63', '0', '43', 1, '2019-03-11 12:43:07', '2019-03-11 12:43:07'),
(11, 43, 1, '2019-01-02 00:00:00', '2019-01-02 09:05:00', '2019-01-02 18:07:00', NULL, '0', '0', '7', 1, '2019-03-11 12:43:07', '2019-03-11 12:43:07'),
(12, 43, 1, '2019-01-03 00:00:00', '2019-01-03 09:07:00', '2019-01-03 18:09:00', NULL, '0', '0', '9', 1, '2019-03-11 12:43:07', '2019-03-11 12:43:07'),
(13, 43, 1, '2019-01-04 00:00:00', '2019-01-04 09:21:00', '2019-01-04 18:13:00', NULL, '0', '0', '13', 1, '2019-03-11 12:43:07', '2019-03-11 12:43:07'),
(14, 43, 1, '2019-01-07 00:00:00', '2019-01-07 09:16:00', '2019-01-07 18:13:00', NULL, '0', '0', '13', 1, '2019-03-11 12:43:07', '2019-03-11 12:43:07'),
(15, 43, 1, '2019-01-05 00:00:00', '2019-01-05 09:07:00', '2019-01-05 18:15:00', NULL, '0', '0', '15', 1, '2019-03-11 12:43:07', '2019-03-11 12:43:07'),
(16, 43, 1, '2019-01-09 00:00:00', '2019-01-09 08:58:00', '2019-01-09 18:19:00', NULL, '0', '0', '19', 1, '2019-03-11 12:43:07', '2019-03-11 12:43:07'),
(17, 43, 1, '2019-01-10 00:00:00', '2019-01-10 09:00:00', '2019-01-10 18:05:00', NULL, '0', '0', '5', 1, '2019-03-11 12:43:07', '2019-03-11 12:43:07'),
(18, 43, 1, '2019-01-08 00:00:00', '2019-01-08 08:56:00', '2019-01-08 18:07:00', NULL, '0', '0', '7', 1, '2019-03-11 12:43:07', '2019-03-11 12:43:07'),
(19, 43, 1, '2019-01-11 00:00:00', '2019-01-11 09:12:00', '2019-01-11 18:07:00', NULL, '0', '0', '7', 1, '2019-03-11 12:43:07', '2019-03-11 12:43:07'),
(20, 43, 1, '2019-01-15 00:00:00', '2019-01-15 11:16:00', '2019-01-15 18:11:00', NULL, '106', '0', '11', 1, '2019-03-11 12:43:07', '2019-03-11 12:43:07'),
(21, 43, 1, '2019-01-16 00:00:00', '2019-01-16 09:11:00', '2019-01-16 18:09:00', NULL, '0', '0', '9', 1, '2019-03-11 12:43:07', '2019-03-11 12:43:07'),
(22, 43, 1, '2019-01-17 00:00:00', '2019-01-17 10:54:00', '2019-01-17 18:09:00', NULL, '84', '0', '9', 1, '2019-03-11 12:43:07', '2019-03-11 12:43:07'),
(23, 43, 1, '2019-01-18 00:00:00', '2019-01-18 09:05:00', '2019-01-18 18:15:00', NULL, '0', '0', '15', 1, '2019-03-11 12:43:07', '2019-03-11 12:43:07'),
(24, 43, 1, '2019-01-19 00:00:00', '2019-01-19 08:59:00', '2019-01-19 18:13:00', NULL, '0', '0', '13', 1, '2019-03-11 12:43:07', '2019-03-11 12:43:07'),
(25, 43, 1, '2019-01-22 00:00:00', '2019-01-22 09:03:00', '2019-01-22 18:03:00', NULL, '0', '0', '3', 1, '2019-03-11 12:43:07', '2019-03-11 12:43:07'),
(26, 43, 1, '2019-01-21 00:00:00', '2019-01-21 09:06:00', '2019-01-21 18:05:00', NULL, '0', '0', '5', 1, '2019-03-11 12:43:07', '2019-03-11 12:43:07'),
(27, 43, 1, '2019-01-23 00:00:00', '2019-01-23 09:11:00', '2019-01-23 18:07:00', NULL, '0', '0', '7', 1, '2019-03-11 12:43:07', '2019-03-11 12:43:07'),
(28, 43, 1, '2019-01-25 00:00:00', '2019-01-25 09:14:00', '2019-01-25 18:08:00', NULL, '0', '0', '8', 1, '2019-03-11 12:43:07', '2019-03-11 12:43:07'),
(29, 43, 1, '2019-01-24 00:00:00', '2019-01-24 09:06:00', '2019-01-24 18:06:00', NULL, '0', '0', '6', 1, '2019-03-11 12:43:07', '2019-03-11 12:43:07'),
(30, 43, 1, '2019-01-29 00:00:00', '2019-01-29 09:06:00', '2019-01-29 18:04:00', NULL, '0', '0', '4', 1, '2019-03-11 12:43:07', '2019-03-11 12:43:07'),
(31, 43, 1, '2019-01-28 00:00:00', '2019-01-28 09:12:00', '2019-01-28 18:06:00', NULL, '0', '0', '6', 1, '2019-03-11 12:43:07', '2019-03-11 12:43:07'),
(32, 43, 1, '2019-01-30 00:00:00', '2019-01-30 10:35:00', '2019-01-30 18:07:00', NULL, '65', '0', '7', 1, '2019-03-11 12:43:07', '2019-03-11 12:43:07'),
(33, 43, 1, '2019-01-31 00:00:00', '2019-01-31 09:13:00', '2019-01-31 18:05:00', NULL, '0', '0', '5', 1, '2019-03-11 12:43:07', '2019-03-11 12:43:07'),
(34, 27, 1, '2019-03-01 00:00:00', '2019-03-01 09:14:00', '2019-03-01 18:02:00', NULL, '0', '0', '2', 1, '2019-03-13 18:14:47', '2019-03-13 18:14:47'),
(35, 27, 1, '2019-03-03 00:00:00', '2019-03-03 09:03:00', '2019-03-03 18:12:00', NULL, '0', '0', '12', 1, '2019-03-13 18:14:47', '2019-03-13 18:14:47'),
(36, 27, 1, '2019-03-02 00:00:00', '2019-03-02 08:59:00', '2019-03-02 18:07:00', NULL, '0', '0', '7', 1, '2019-03-13 18:14:47', '2019-03-13 18:14:47'),
(37, 27, 1, '2019-03-04 00:00:00', '2019-03-04 09:01:00', '2019-03-04 18:08:00', NULL, '0', '0', '8', 1, '2019-03-13 18:14:47', '2019-03-13 18:14:47'),
(38, 27, 1, '2019-03-07 00:00:00', '2019-03-07 08:58:00', '2019-03-07 18:10:00', NULL, '0', '0', '10', 1, '2019-03-13 18:14:47', '2019-03-13 18:14:47'),
(39, 27, 1, '2019-03-05 00:00:00', '2019-03-05 09:10:00', '2019-03-05 18:03:00', NULL, '0', '0', '3', 1, '2019-03-13 18:14:47', '2019-03-13 18:14:47'),
(40, 27, 1, '2019-03-08 00:00:00', '2019-03-08 08:59:00', '2019-03-08 18:10:00', NULL, '0', '0', '10', 1, '2019-03-13 18:14:47', '2019-03-13 18:14:47'),
(41, 27, 1, '2019-03-09 00:00:00', '2019-03-09 08:56:00', '2019-03-09 18:16:00', NULL, '0', '0', '16', 1, '2019-03-13 18:14:47', '2019-03-13 18:14:47'),
(42, 27, 1, '2019-03-10 00:00:00', '2019-03-10 11:33:00', '2019-03-10 18:14:00', NULL, '123', '0', '14', 1, '2019-03-13 18:14:47', '2019-03-13 18:14:47'),
(43, 43, 1, '2019-03-01 00:00:00', '2019-03-01 10:33:00', '2019-03-01 18:43:00', NULL, '63', '0', '43', 1, '2019-03-13 18:14:47', '2019-03-13 18:14:47'),
(44, 43, 1, '2019-03-03 00:00:00', '2019-03-03 09:07:00', '2019-03-03 18:09:00', NULL, '0', '0', '9', 1, '2019-03-13 18:14:47', '2019-03-13 18:14:47'),
(45, 43, 1, '2019-03-02 00:00:00', '2019-03-02 09:05:00', '2019-03-02 18:07:00', NULL, '0', '0', '7', 1, '2019-03-13 18:14:47', '2019-03-13 18:14:47'),
(46, 43, 1, '2019-03-04 00:00:00', '2019-03-04 09:21:00', '2019-03-04 18:13:00', NULL, '0', '0', '13', 1, '2019-03-13 18:14:47', '2019-03-13 18:14:47'),
(47, 43, 1, '2019-03-05 00:00:00', '2019-03-05 09:07:00', '2019-03-05 18:15:00', NULL, '0', '0', '15', 1, '2019-03-13 18:14:47', '2019-03-13 18:14:47'),
(48, 43, 1, '2019-03-07 00:00:00', '2019-03-07 09:16:00', '2019-03-07 18:13:00', NULL, '0', '0', '13', 1, '2019-03-13 18:14:47', '2019-03-13 18:14:47'),
(49, 43, 1, '2019-03-08 00:00:00', '2019-03-08 08:56:00', '2019-03-08 18:07:00', NULL, '0', '0', '7', 1, '2019-03-13 18:14:47', '2019-03-13 18:14:47'),
(50, 43, 1, '2019-03-09 00:00:00', '2019-03-09 08:58:00', '2019-03-09 18:19:00', NULL, '0', '0', '19', 1, '2019-03-13 18:14:47', '2019-03-13 18:14:47'),
(51, 43, 1, '2019-03-10 00:00:00', '2019-03-10 09:00:00', '2019-03-10 18:05:00', NULL, '0', '0', '5', 1, '2019-03-13 18:14:47', '2019-03-13 18:14:47'),
(52, 43, 1, '2019-03-11 00:00:00', '2019-03-11 09:12:00', '2019-03-11 18:07:00', NULL, '0', '0', '7', 1, '2019-03-13 18:14:47', '2019-03-13 18:14:47'),
(53, 43, 1, '2019-03-15 00:00:00', '2019-03-15 11:16:00', '2019-03-15 18:11:00', NULL, '106', '0', '11', 1, '2019-03-13 18:14:47', '2019-03-13 18:14:47'),
(54, 43, 1, '2019-03-16 00:00:00', '2019-03-16 09:11:00', '2019-03-16 18:09:00', NULL, '0', '0', '9', 1, '2019-03-13 18:14:47', '2019-03-13 18:14:47'),
(55, 43, 1, '2019-03-17 00:00:00', '2019-03-17 10:54:00', '2019-03-17 18:09:00', NULL, '84', '0', '9', 1, '2019-03-13 18:14:47', '2019-03-13 18:14:47'),
(56, 43, 1, '2019-03-19 00:00:00', '2019-03-19 08:59:00', '2019-03-19 18:13:00', NULL, '0', '0', '13', 1, '2019-03-13 18:14:47', '2019-03-13 18:14:47'),
(57, 43, 1, '2019-03-18 00:00:00', '2019-03-18 09:05:00', '2019-03-18 18:15:00', NULL, '0', '0', '15', 1, '2019-03-13 18:14:47', '2019-03-13 18:14:47'),
(58, 43, 1, '2019-03-21 00:00:00', '2019-03-21 09:06:00', '2019-03-21 18:05:00', NULL, '0', '0', '5', 1, '2019-03-13 18:14:47', '2019-03-13 18:14:47'),
(59, 43, 1, '2019-03-22 00:00:00', '2019-03-22 09:03:00', '2019-03-22 18:03:00', NULL, '0', '0', '3', 1, '2019-03-13 18:14:47', '2019-03-13 18:14:47'),
(60, 43, 1, '2019-03-23 00:00:00', '2019-03-23 09:11:00', '2019-03-23 18:07:00', NULL, '0', '0', '7', 1, '2019-03-13 18:14:47', '2019-03-13 18:14:47'),
(61, 43, 1, '2019-03-25 00:00:00', '2019-03-25 09:14:00', '2019-03-25 18:08:00', NULL, '0', '0', '8', 1, '2019-03-13 18:14:47', '2019-03-13 18:14:47'),
(62, 43, 1, '2019-03-24 00:00:00', '2019-03-24 09:06:00', '2019-03-24 18:06:00', NULL, '0', '0', '6', 1, '2019-03-13 18:14:47', '2019-03-13 18:14:47'),
(63, 43, 1, '2019-03-28 00:00:00', '2019-03-28 09:12:00', '2019-03-28 18:06:00', NULL, '0', '0', '6', 1, '2019-03-13 18:14:47', '2019-03-13 18:14:47'),
(64, 43, 1, '2019-03-29 00:00:00', '2019-03-29 09:06:00', '2019-03-29 18:04:00', NULL, '0', '0', '4', 1, '2019-03-13 18:14:47', '2019-03-13 18:14:47'),
(65, 43, 1, '2019-03-30 00:00:00', '2019-03-30 10:35:00', '2019-03-30 18:07:00', NULL, '65', '0', '7', 1, '2019-03-13 18:14:47', '2019-03-13 18:14:47'),
(66, 43, 1, '2019-03-31 00:00:00', '2019-03-31 09:13:00', '2019-03-31 18:05:00', NULL, '0', '0', '5', 1, '2019-03-13 18:14:47', '2019-03-13 18:14:47'),
(67, 27, 1, '2001-04-01 00:00:00', '2001-04-01 09:01:00', '2001-04-01 18:08:00', NULL, '0', '0', '8', 1, '2019-03-16 15:56:04', '2019-03-16 15:56:04'),
(68, 27, 1, '2001-02-01 00:00:00', '2001-02-01 08:59:00', '2001-02-01 18:07:00', NULL, '0', '0', '7', 1, '2019-03-16 15:56:04', '2019-03-16 15:56:04'),
(69, 27, 1, '2001-03-01 00:00:00', '2001-03-01 09:03:00', '2001-03-01 18:12:00', NULL, '0', '0', '12', 1, '2019-03-16 15:56:04', '2019-03-16 15:56:04'),
(70, 27, 1, '2001-05-01 00:00:00', '2001-05-01 09:10:00', '2001-05-01 18:03:00', NULL, '0', '0', '3', 1, '2019-03-16 15:56:04', '2019-03-16 15:56:04'),
(71, 27, 1, '2001-01-01 00:00:00', '2001-01-01 09:14:00', '2001-01-01 18:02:00', NULL, '0', '0', '2', 1, '2019-03-16 15:56:04', '2019-03-16 15:56:04'),
(72, 27, 1, '2001-07-01 00:00:00', '2001-07-01 08:58:00', '2001-07-01 18:10:00', NULL, '0', '0', '10', 1, '2019-03-16 15:56:04', '2019-03-16 15:56:04'),
(73, 27, 1, '2001-10-01 00:00:00', '2001-10-01 11:33:00', '2001-10-01 18:14:00', NULL, '123', '0', '14', 1, '2019-03-16 15:56:04', '2019-03-16 15:56:04'),
(74, 27, 1, '2001-08-01 00:00:00', '2001-08-01 08:59:00', '2001-08-01 18:10:00', NULL, '0', '0', '10', 1, '2019-03-16 15:56:04', '2019-03-16 15:56:04'),
(75, 27, 1, '2001-09-01 00:00:00', '2001-09-01 08:56:00', '2001-09-01 18:16:00', NULL, '0', '0', '16', 1, '2019-03-16 15:56:04', '2019-03-16 15:56:04'),
(76, 43, 1, '2001-01-01 00:00:00', '2001-01-01 10:33:00', '2001-01-01 18:43:00', NULL, '63', '0', '43', 1, '2019-03-16 15:56:04', '2019-03-16 15:56:04'),
(77, 43, 1, '2001-02-01 00:00:00', '2001-02-01 09:05:00', '2001-02-01 18:07:00', NULL, '0', '0', '7', 1, '2019-03-16 15:56:04', '2019-03-16 15:56:04'),
(78, 43, 1, '2001-03-01 00:00:00', '2001-03-01 09:07:00', '2001-03-01 18:09:00', NULL, '0', '0', '9', 1, '2019-03-16 15:56:04', '2019-03-16 15:56:04'),
(79, 43, 1, '2001-05-01 00:00:00', '2001-05-01 09:07:00', '2001-05-01 18:15:00', NULL, '0', '0', '15', 1, '2019-03-16 15:56:04', '2019-03-16 15:56:04'),
(80, 43, 1, '2001-04-01 00:00:00', '2001-04-01 09:21:00', '2001-04-01 18:13:00', NULL, '0', '0', '13', 1, '2019-03-16 15:56:04', '2019-03-16 15:56:04'),
(81, 43, 1, '2001-07-01 00:00:00', '2001-07-01 09:16:00', '2001-07-01 18:13:00', NULL, '0', '0', '13', 1, '2019-03-16 15:56:04', '2019-03-16 15:56:04'),
(82, 43, 1, '2001-09-01 00:00:00', '2001-09-01 08:58:00', '2001-09-01 18:19:00', NULL, '0', '0', '19', 1, '2019-03-16 15:56:04', '2019-03-16 15:56:04'),
(83, 43, 1, '2001-08-01 00:00:00', '2001-08-01 08:56:00', '2001-08-01 18:07:00', NULL, '0', '0', '7', 1, '2019-03-16 15:56:04', '2019-03-16 15:56:04'),
(84, 43, 1, '2001-11-01 00:00:00', '2001-11-01 09:12:00', '2001-11-01 18:07:00', NULL, '0', '0', '7', 1, '2019-03-16 15:56:04', '2019-03-16 15:56:04'),
(85, 43, 1, '2001-10-01 00:00:00', '2001-10-01 09:00:00', '2001-10-01 18:05:00', NULL, '0', '0', '5', 1, '2019-03-16 15:56:04', '2019-03-16 15:56:04');

-- --------------------------------------------------------

--
-- Table structure for table `employee_backgrounds`
--

CREATE TABLE `employee_backgrounds` (
  `id` int(11) NOT NULL,
  `employee_id` int(11) NOT NULL,
  `background_check_status` tinyint(1) NOT NULL DEFAULT '0',
  `varification_completed_on` datetime DEFAULT NULL,
  `agency_name` varchar(200) COLLATE utf8_bin DEFAULT NULL,
  `remarks` text COLLATE utf8_bin,
  `status` tinyint(1) NOT NULL DEFAULT '1',
  `createdAt` datetime NOT NULL,
  `updatedAt` datetime NOT NULL
) ENGINE=InnoDB DEFAULT CHARSET=utf8 COLLATE=utf8_bin;

-- --------------------------------------------------------

--
-- Table structure for table `employee_banks`
--

CREATE TABLE `employee_banks` (
  `id` int(11) NOT NULL,
  `employee_id` int(11) NOT NULL,
  `bank_id` int(11) NOT NULL,
  `account_number` varchar(255) COLLATE utf8_bin NOT NULL,
  `account_type` varchar(200) COLLATE utf8_bin NOT NULL,
  `name_as_per_bank` varchar(200) COLLATE utf8_bin NOT NULL,
  `status` tinyint(1) NOT NULL DEFAULT '1',
  `createdAt` datetime NOT NULL,
  `updatedAt` datetime NOT NULL
) ENGINE=InnoDB DEFAULT CHARSET=utf8 COLLATE=utf8_bin;

--
-- Dumping data for table `employee_banks`
--

INSERT INTO `employee_banks` (`id`, `employee_id`, `bank_id`, `account_number`, `account_type`, `name_as_per_bank`, `status`, `createdAt`, `updatedAt`) VALUES
(1, 20, 3, '878', '7878', '787878', 1, '2018-10-31 16:26:21', '2018-10-31 16:26:21'),
(3, 1, 5, '201812126', 'Pta hai', 'remarks nhi', 1, '2018-11-12 17:17:44', '2019-02-13 12:07:39'),
(4, 22, 3, '32424', 'savinhg', 'rwer', 1, '2018-11-20 15:38:25', '2018-11-20 15:38:25'),
(5, 25, 3, '21342534645', '243536547', 'sfddgfdh', 1, '2018-12-18 12:22:39', '2018-12-18 12:22:39'),
(6, 26, 2, '43534689678657', 'fsdgfgfdh', 'cvbvbn', 1, '2018-12-18 12:38:19', '2018-12-18 12:38:19'),
(7, 27, 2, '4564565472343254769', 'dgdfhfgcvbnvbnm', 'erfdyftryutj', 1, '2018-12-18 12:44:46', '2018-12-18 12:44:46'),
(8, 28, 3, '435465476587689', 'sdgtdrhgf', 'xdgfchngvjhn', 1, '2018-12-18 12:56:42', '2018-12-18 12:56:42'),
(9, 29, 3, '54765876', 'dfgtfh', 'vbmjhbk', 1, '2018-12-18 13:12:07', '2018-12-18 13:12:07'),
(10, 30, 2, '35346575', 'sefrdghh', 'xgfbfhg', 1, '2018-12-18 13:14:15', '2018-12-18 13:14:15'),
(11, 2, 1, '1324234234324234', 'sav', 'dfgfhg', 1, '2019-01-09 12:02:48', '2019-01-09 12:02:48'),
(13, 18, 7, '8', 'dsfdsf', 'sfsdfds', 1, '2019-02-13 12:27:02', '2019-02-13 12:27:02'),
(14, 41, 3, '214235345', 'sgtdfh', 'dfhfgjjjk', 1, '2019-02-21 11:02:04', '2019-02-21 11:02:04'),
(15, 42, 8, '23424356', 'fgdgfhg', 'ewrewrett', 1, '2019-02-21 11:17:26', '2019-02-21 11:17:26'),
(16, 43, 3, '3242345436565', 'afdfsd', 'xvcxbvn', 1, '2019-03-01 16:13:19', '2019-03-01 16:13:19');

-- --------------------------------------------------------

--
-- Table structure for table `employee_documents`
--

CREATE TABLE `employee_documents` (
  `id` int(11) NOT NULL,
  `employee_id` int(11) NOT NULL,
  `name` varchar(200) COLLATE utf8_bin NOT NULL,
  `category` varchar(200) COLLATE utf8_bin NOT NULL,
  `description` text COLLATE utf8_bin,
  `doc_file` varchar(100) COLLATE utf8_bin NOT NULL,
  `status` tinyint(1) NOT NULL DEFAULT '1',
  `createdAt` datetime NOT NULL,
  `updatedAt` datetime NOT NULL
) ENGINE=InnoDB DEFAULT CHARSET=utf8 COLLATE=utf8_bin;

--
-- Dumping data for table `employee_documents`
--

INSERT INTO `employee_documents` (`id`, `employee_id`, `name`, `category`, `description`, `doc_file`, `status`, `createdAt`, `updatedAt`) VALUES
(1, 18, 'Python', '20181212', 'Pta nhi', 'remarks', 1, '2018-11-14 17:02:53', '2018-11-14 17:02:53'),
(2, 18, 'Python', '20181212', 'Pta nhi', 'remarks', 1, '2018-11-14 17:06:25', '2018-11-14 17:06:25'),
(3, 18, 'Python', '20181212', 'Pta nhi', 'remarks', 1, '2018-11-14 17:06:39', '2018-11-14 17:06:39'),
(4, 18, 'Python', '20181212', 'Pta nhi', 'remarks', 1, '2018-11-14 17:08:48', '2018-11-14 17:08:48'),
(5, 18, 'Python', '20181212', 'Pta nhi', 'remarks', 1, '2018-11-14 17:09:15', '2018-11-14 17:09:15'),
(6, 18, 'Python', '20181212', 'Pta nhi', 'remarks', 1, '2018-11-14 17:11:01', '2018-11-14 17:11:01'),
(7, 18, 'First File', 'Official', 'I dont know', '/public/files/employee-documents/undefined/18-1542197474500.jpg', 1, '2018-11-14 17:41:14', '2018-11-14 17:41:14'),
(8, 18, 'First File', 'Official', 'I dont know', '/public/files/employee-documents/undefined/18-1542198086509.jpg', 1, '2018-11-14 17:51:26', '2018-11-14 17:51:26'),
(9, 18, 'First File', 'Official', 'I dont know', '/public/files/employee-documents/undefined/18-1542198155224.jpg', 1, '2018-11-14 17:52:35', '2018-11-14 17:52:35'),
(10, 18, 'First File', 'Official', 'I dont know', '/public/files/employee-documents/undefined/18-1542198229244.jpg', 1, '2018-11-14 17:53:49', '2018-11-14 17:53:49'),
(11, 18, 'First File', 'Official', 'I dont know', '/public/files/employee-documents/18/18-1542198321972.jpg', 1, '2018-11-14 17:55:21', '2018-11-14 17:55:21'),
(12, 19, 'First File', 'Official', 'I dont know', '/public/files/employee-documents/19/19-1542198381383.jpg', 1, '2018-11-14 17:56:21', '2018-11-14 17:56:21'),
(13, 1, 'naresh', 'document', 'description', '/public/files/employee-documents/1/1-1542261333522.pdf', 1, '2018-11-15 11:25:33', '2018-11-15 11:25:33'),
(14, 1, 'naresh', 'document', 'description', '/public/files/employee-documents/1/1-1542261382492.pdf', 1, '2018-11-15 11:26:22', '2018-11-15 11:26:22'),
(15, 1, 'fsdfjkl', 'letter', 'jjkkj', '/public/files/employee-documents/1/1-1542262544561.pdf', 1, '2018-11-15 11:45:44', '2018-11-15 11:45:44'),
(16, 1, 'fsdfjkl', 'letter', 'jjkkj', '/public/files/employee-documents/1/1-1542262564592.pdf', 1, '2018-11-15 11:46:04', '2018-11-15 11:46:04'),
(17, 1, 'fsdfjkl', 'form16', 'jjkkj', '/public/files/employee-documents/1/1-1542262588146.pdf', 1, '2018-11-15 11:46:28', '2018-11-15 11:46:28'),
(18, 1, 'test', 'letter', 'test', '/public/files/employee-documents/1/1-1542262627095.pdf', 1, '2018-11-15 11:47:07', '2018-11-15 11:47:07'),
(19, 1, 'fsdfs', 'documents', 'fsfdds', '/public/files/employee-documents/1/1-1542262774092.pdf', 1, '2018-11-15 11:49:34', '2018-11-15 11:49:34'),
(20, 18, 'sss', 'payslip', 'samsung', '/public/files/employee-documents/18/18-1542266325113.pdf', 1, '2018-11-15 12:48:45', '2018-11-15 12:48:45'),
(21, 18, 'sss', 'payslip', 'samsung', '/public/files/employee-documents/18/18-1542266338710.pdf', 1, '2018-11-15 12:48:58', '2018-11-15 12:48:58'),
(22, 18, 'salary final', 'payslip', 'test now ', '/public/files/employee-documents/18/18-1542266478592.pdf', 1, '2018-11-15 12:51:18', '2018-11-15 12:51:18');

-- --------------------------------------------------------

--
-- Table structure for table `employee_families`
--

CREATE TABLE `employee_families` (
  `id` int(11) NOT NULL,
  `employee_id` int(11) NOT NULL,
  `name` varchar(200) COLLATE utf8_bin NOT NULL,
  `relation` varchar(200) COLLATE utf8_bin DEFAULT NULL,
  `dateofbirth` varchar(200) COLLATE utf8_bin DEFAULT NULL,
  `blood_group` varchar(200) COLLATE utf8_bin DEFAULT NULL,
  `gender` varchar(10) COLLATE utf8_bin DEFAULT NULL,
  `profession` varchar(200) COLLATE utf8_bin DEFAULT NULL,
  `remarks` text COLLATE utf8_bin,
  `nationality_id` int(11) NOT NULL,
  `status` tinyint(1) NOT NULL DEFAULT '1',
  `createdAt` datetime NOT NULL,
  `updatedAt` datetime NOT NULL
) ENGINE=InnoDB DEFAULT CHARSET=utf8 COLLATE=utf8_bin;

--
-- Dumping data for table `employee_families`
--

INSERT INTO `employee_families` (`id`, `employee_id`, `name`, `relation`, `dateofbirth`, `blood_group`, `gender`, `profession`, `remarks`, `nationality_id`, `status`, `createdAt`, `updatedAt`) VALUES
(1, 1, 'Jal Nigam', 'Father', '28/12/1986', 'AB+', 'Male', 'Singer', 'remarks', 1, 1, '2018-11-12 14:44:03', '2018-11-12 14:44:03'),
(4, 1, 'sfdkj', 'kj', '2018-11-21', 'fsdf', '', 'fsddf', '', 1, 1, '2018-11-12 16:26:43', '2018-11-12 16:26:43'),
(7, 2, 'Nal Nigam', 'Father', '28/12/1986', 'AB+', 'Male', 'Singer', 'remarks', 1, 1, '2018-11-12 17:00:13', '2018-11-12 17:00:13'),
(10, 5, 'Akhsay Kumar', 'Father', '28/12/1986', 'AB+', 'Male', 'Singer', 'remarks', 1, 1, '2018-11-12 17:00:47', '2018-11-12 17:00:47'),
(11, 6, 'Govinda Kumar', 'Father', '28/12/1986', 'AB+', 'Male', 'Singer', 'remarks', 1, 1, '2018-11-12 17:00:57', '2018-11-12 17:00:57'),
(12, 13, 'Rajesh', 'Father', '28/12/1986', 'AB+', 'Male', 'Singer', 'remarks', 1, 1, '2018-11-12 17:01:15', '2018-11-12 17:01:15'),
(13, 18, 'Rajesh Puna wala', 'Father', '28/12/1986', 'AB+', 'Male', 'Singer', 'remarks', 1, 1, '2018-11-12 17:01:27', '2018-11-12 17:01:27'),
(14, 19, 'Chetan maharaj', 'Father', '28/12/1986', 'AB+', 'Male', 'Singer', 'remarks', 1, 1, '2018-11-12 17:01:46', '2018-11-12 17:01:46'),
(15, 20, 'Dharampal', 'Father', '28/12/1986', 'AB+', 'Male', 'Singer', 'remarks', 1, 1, '2018-11-12 17:01:57', '2018-11-12 17:01:57'),
(16, 1, 'naresh', '', '2018-11-14', 'ab', '', 'fsdjkf', '', 1, 1, '2018-11-15 17:50:46', '2018-11-15 17:50:46'),
(17, 2, 'narefssfsfsdf', 'fsfd', '2018-11-15', 'ab+', '', 'fsdjkl', '', 1, 1, '2018-11-15 17:54:03', '2018-11-15 17:54:03'),
(18, 2, 'heloow test', 'kj', '2018-11-16', 'ab-', '', 'fsdf', '', 1, 1, '2018-11-15 17:54:32', '2018-11-15 17:54:32'),
(20, 1, 'naresh', 'sfs', '2018-11-14', '', '', 'fsdfs', '', 1, 1, '2018-11-15 18:18:12', '2018-11-15 18:18:12'),
(21, 1, 'naresh umarfsdf', 'fs', '2018-11-16', 'A-', 'male', 'fsdf', '', 4, 1, '2018-11-15 18:25:46', '2018-11-15 18:25:46'),
(22, 1, 'dfd', 'sdfvd', '2019-02-01', 'O+', 'male', 'sdfcd', '', 1, 1, '2019-02-13 11:54:07', '2019-02-13 11:54:07');

-- --------------------------------------------------------

--
-- Table structure for table `employee_generated_letters`
--

CREATE TABLE `employee_generated_letters` (
  `id` int(11) NOT NULL,
  `employee_id` int(11) NOT NULL,
  `letter_template` varchar(200) COLLATE utf8_bin NOT NULL,
  `serial_no` varchar(200) COLLATE utf8_bin NOT NULL,
  `authorized_signatory` int(11) NOT NULL,
  `remarks` text COLLATE utf8_bin,
  `file_path` varchar(200) COLLATE utf8_bin DEFAULT NULL,
  `letter_generated_on` datetime NOT NULL,
  `status` tinyint(1) NOT NULL DEFAULT '1',
  `createdAt` datetime NOT NULL,
  `updatedAt` datetime NOT NULL
) ENGINE=InnoDB DEFAULT CHARSET=utf8 COLLATE=utf8_bin;

--
-- Dumping data for table `employee_generated_letters`
--

INSERT INTO `employee_generated_letters` (`id`, `employee_id`, `letter_template`, `serial_no`, `authorized_signatory`, `remarks`, `file_path`, `letter_generated_on`, `status`, `createdAt`, `updatedAt`) VALUES
(1, 1, 'Python', '78784545', 1, 'asdas', 'blic\\files\\employee-documents\\1\\1-1550562004856.txt', '2018-12-12 05:30:00', 1, '2019-02-19 13:10:04', '2019-02-19 13:10:04');

-- --------------------------------------------------------

--
-- Table structure for table `employee_idenities`
--

CREATE TABLE `employee_idenities` (
  `id` int(11) NOT NULL,
  `employee_id` int(11) NOT NULL,
  `doc_type` varchar(200) COLLATE utf8_bin DEFAULT NULL,
  `doc_number` varchar(200) COLLATE utf8_bin DEFAULT NULL,
  `name_as_per_document` varchar(200) COLLATE utf8_bin DEFAULT NULL,
  `expiray_date` datetime DEFAULT NULL,
  `aadhar_enrolment_no` varchar(255) COLLATE utf8_bin DEFAULT NULL,
  `is_verified` tinyint(1) NOT NULL DEFAULT '0',
  `status` tinyint(1) NOT NULL DEFAULT '1',
  `createdAt` datetime NOT NULL,
  `updatedAt` datetime NOT NULL
) ENGINE=InnoDB DEFAULT CHARSET=utf8 COLLATE=utf8_bin;

-- --------------------------------------------------------

--
-- Table structure for table `employee_leaves`
--

CREATE TABLE `employee_leaves` (
  `id` int(11) NOT NULL,
  `leavegrantemployee_id` int(11) NOT NULL,
  `employee_id` int(11) NOT NULL,
  `leave_type_id` int(11) NOT NULL,
  `leave_year` varchar(100) COLLATE utf8_bin NOT NULL,
  `leave_month` int(11) NOT NULL,
  `leave_credit` decimal(10,2) NOT NULL,
  `leave_availed` decimal(10,2) NOT NULL DEFAULT '0.00',
  `leave_deduction` decimal(10,2) NOT NULL DEFAULT '0.00',
  `leave_lapsed` decimal(10,2) NOT NULL DEFAULT '0.00',
  `leave_encashed` decimal(10,2) NOT NULL DEFAULT '0.00',
  `leave_balance` decimal(10,2) NOT NULL,
  `status` tinyint(1) NOT NULL DEFAULT '1',
  `createdAt` datetime NOT NULL,
  `updatedAt` datetime NOT NULL
) ENGINE=InnoDB DEFAULT CHARSET=utf8 COLLATE=utf8_bin;

--
-- Dumping data for table `employee_leaves`
--

INSERT INTO `employee_leaves` (`id`, `leavegrantemployee_id`, `employee_id`, `leave_type_id`, `leave_year`, `leave_month`, `leave_credit`, `leave_availed`, `leave_deduction`, `leave_lapsed`, `leave_encashed`, `leave_balance`, `status`, `createdAt`, `updatedAt`) VALUES
(1, 376, 1, 1, '2019', 1, '2.00', '0.00', '0.00', '0.00', '0.00', '2.00', 1, '2019-03-02 12:10:07', '2019-03-02 12:10:07'),
(2, 377, 2, 1, '2019', 1, '2.00', '0.00', '0.00', '0.00', '0.00', '2.00', 1, '2019-03-02 12:10:08', '2019-03-02 12:10:08'),
(3, 378, 5, 1, '2019', 1, '2.00', '0.00', '0.00', '0.00', '0.00', '2.00', 1, '2019-03-02 12:10:08', '2019-03-02 12:10:08'),
(4, 379, 6, 1, '2019', 1, '2.00', '0.00', '0.00', '0.00', '0.00', '2.00', 1, '2019-03-02 12:10:08', '2019-03-02 12:10:08'),
(5, 380, 13, 1, '2019', 1, '2.00', '0.00', '0.00', '0.00', '0.00', '2.00', 1, '2019-03-02 12:10:08', '2019-03-02 12:10:08'),
(6, 381, 18, 1, '2019', 1, '2.00', '0.00', '0.00', '0.00', '0.00', '2.00', 1, '2019-03-02 12:10:08', '2019-03-02 12:10:08'),
(7, 382, 19, 1, '2019', 1, '2.00', '0.00', '0.00', '0.00', '0.00', '2.00', 1, '2019-03-02 12:10:08', '2019-03-02 12:10:08'),
(8, 383, 20, 1, '2019', 1, '2.00', '0.00', '0.00', '0.00', '0.00', '2.00', 1, '2019-03-02 12:10:08', '2019-03-02 12:10:08'),
(9, 384, 21, 1, '2019', 1, '2.00', '0.00', '0.00', '0.00', '0.00', '2.00', 1, '2019-03-02 12:10:08', '2019-03-02 12:10:08'),
(10, 385, 22, 1, '2019', 1, '2.00', '0.00', '0.00', '0.00', '0.00', '2.00', 1, '2019-03-02 12:10:08', '2019-03-02 12:10:08'),
(11, 386, 23, 1, '2019', 1, '2.00', '0.00', '0.00', '0.00', '0.00', '2.00', 1, '2019-03-02 12:10:08', '2019-03-02 12:10:08'),
(12, 387, 24, 1, '2019', 1, '2.00', '0.00', '0.00', '0.00', '0.00', '2.00', 1, '2019-03-02 12:10:08', '2019-03-02 12:10:08'),
(13, 388, 25, 1, '2019', 1, '2.00', '0.00', '0.00', '0.00', '0.00', '2.00', 1, '2019-03-02 12:10:09', '2019-03-02 12:10:09'),
(14, 389, 26, 1, '2019', 1, '2.00', '0.00', '0.00', '0.00', '0.00', '2.00', 1, '2019-03-02 12:10:09', '2019-03-02 12:10:09'),
(15, 390, 27, 1, '2019', 1, '2.00', '0.00', '0.00', '0.00', '0.00', '2.00', 1, '2019-03-02 12:10:09', '2019-03-02 12:10:09'),
(16, 391, 28, 1, '2019', 1, '2.00', '0.00', '0.00', '0.00', '0.00', '2.00', 1, '2019-03-02 12:10:09', '2019-03-02 12:10:09'),
(17, 392, 29, 1, '2019', 1, '2.00', '0.00', '0.00', '0.00', '0.00', '2.00', 1, '2019-03-02 12:10:09', '2019-03-02 12:10:09'),
(18, 393, 30, 1, '2019', 1, '2.00', '0.00', '0.00', '0.00', '0.00', '2.00', 1, '2019-03-02 12:10:09', '2019-03-02 12:10:09'),
(19, 394, 31, 1, '2019', 1, '2.00', '0.00', '0.00', '0.00', '0.00', '2.00', 1, '2019-03-02 12:10:09', '2019-03-02 12:10:09'),
(20, 395, 32, 1, '2019', 1, '2.00', '0.00', '0.00', '0.00', '0.00', '2.00', 1, '2019-03-02 12:10:09', '2019-03-02 12:10:09'),
(21, 396, 33, 1, '2019', 1, '2.00', '0.00', '0.00', '0.00', '0.00', '2.00', 1, '2019-03-02 12:10:09', '2019-03-02 12:10:09'),
(22, 397, 34, 1, '2019', 1, '2.00', '0.00', '0.00', '0.00', '0.00', '2.00', 1, '2019-03-02 12:10:09', '2019-03-02 12:10:09'),
(23, 398, 35, 1, '2019', 1, '2.00', '0.00', '0.00', '0.00', '0.00', '2.00', 1, '2019-03-02 12:10:09', '2019-03-02 12:10:09'),
(24, 399, 36, 1, '2019', 1, '2.00', '0.00', '0.00', '0.00', '0.00', '2.00', 1, '2019-03-02 12:10:09', '2019-03-02 12:10:09'),
(25, 400, 37, 1, '2019', 1, '2.00', '0.00', '0.00', '0.00', '0.00', '2.00', 1, '2019-03-02 12:10:09', '2019-03-02 12:10:09'),
(26, 401, 38, 1, '2019', 1, '2.00', '0.00', '0.00', '0.00', '0.00', '2.00', 1, '2019-03-02 12:10:09', '2019-03-02 12:10:09'),
(27, 402, 39, 1, '2019', 1, '2.00', '0.00', '0.00', '0.00', '0.00', '2.00', 1, '2019-03-02 12:10:10', '2019-03-02 12:10:10'),
(28, 403, 40, 1, '2019', 1, '2.00', '0.00', '0.00', '0.00', '0.00', '2.00', 1, '2019-03-02 12:10:10', '2019-03-02 12:10:10'),
(29, 404, 43, 1, '2019', 1, '2.00', '0.00', '0.00', '0.00', '0.00', '2.00', 1, '2019-03-02 12:10:10', '2019-03-02 12:10:10'),
(30, 405, 1, 1, '2019', 2, '2.00', '0.00', '0.00', '0.00', '0.00', '4.00', 1, '2019-03-02 12:10:13', '2019-03-02 12:10:13'),
(31, 406, 2, 1, '2019', 2, '2.00', '0.00', '0.00', '0.00', '0.00', '4.00', 1, '2019-03-02 12:10:13', '2019-03-02 12:10:13'),
(32, 407, 5, 1, '2019', 2, '2.00', '0.00', '0.00', '0.00', '0.00', '4.00', 1, '2019-03-02 12:10:13', '2019-03-02 12:10:13'),
(33, 408, 6, 1, '2019', 2, '2.00', '0.00', '0.00', '0.00', '0.00', '4.00', 1, '2019-03-02 12:10:14', '2019-03-02 12:10:14'),
(34, 409, 13, 1, '2019', 2, '2.00', '0.00', '0.00', '0.00', '0.00', '4.00', 1, '2019-03-02 12:10:14', '2019-03-02 12:10:14'),
(35, 410, 18, 1, '2019', 2, '2.00', '0.00', '0.00', '0.00', '0.00', '4.00', 1, '2019-03-02 12:10:14', '2019-03-02 12:10:14'),
(36, 411, 19, 1, '2019', 2, '2.00', '0.00', '0.00', '0.00', '0.00', '4.00', 1, '2019-03-02 12:10:14', '2019-03-02 12:10:14'),
(37, 412, 20, 1, '2019', 2, '2.00', '0.00', '0.00', '0.00', '0.00', '4.00', 1, '2019-03-02 12:10:14', '2019-03-02 12:10:14'),
(38, 413, 21, 1, '2019', 2, '2.00', '0.00', '0.00', '0.00', '0.00', '4.00', 1, '2019-03-02 12:10:14', '2019-03-02 12:10:14'),
(39, 414, 22, 1, '2019', 2, '2.00', '0.00', '0.00', '0.00', '0.00', '4.00', 1, '2019-03-02 12:10:14', '2019-03-02 12:10:14'),
(40, 415, 23, 1, '2019', 2, '2.00', '0.00', '0.00', '0.00', '0.00', '4.00', 1, '2019-03-02 12:10:14', '2019-03-02 12:10:14'),
(41, 416, 24, 1, '2019', 2, '2.00', '0.00', '0.00', '0.00', '0.00', '4.00', 1, '2019-03-02 12:10:14', '2019-03-02 12:10:14'),
(42, 417, 25, 1, '2019', 2, '2.00', '0.00', '0.00', '0.00', '0.00', '4.00', 1, '2019-03-02 12:10:14', '2019-03-02 12:10:14'),
(43, 418, 26, 1, '2019', 2, '2.00', '0.00', '0.00', '0.00', '0.00', '4.00', 1, '2019-03-02 12:10:14', '2019-03-02 12:10:14'),
(44, 419, 27, 1, '2019', 2, '2.00', '0.00', '0.00', '0.00', '0.00', '4.00', 1, '2019-03-02 12:10:14', '2019-03-02 12:10:14'),
(45, 420, 28, 1, '2019', 2, '2.00', '0.00', '0.00', '0.00', '0.00', '4.00', 1, '2019-03-02 12:10:14', '2019-03-02 12:10:14'),
(46, 421, 29, 1, '2019', 2, '2.00', '0.00', '0.00', '0.00', '0.00', '4.00', 1, '2019-03-02 12:10:14', '2019-03-02 12:10:14'),
(47, 422, 30, 1, '2019', 2, '2.00', '0.00', '0.00', '0.00', '0.00', '4.00', 1, '2019-03-02 12:10:15', '2019-03-02 12:10:15'),
(48, 423, 31, 1, '2019', 2, '2.00', '0.00', '0.00', '0.00', '0.00', '4.00', 1, '2019-03-02 12:10:15', '2019-03-02 12:10:15'),
(49, 424, 32, 1, '2019', 2, '2.00', '0.00', '0.00', '0.00', '0.00', '4.00', 1, '2019-03-02 12:10:15', '2019-03-02 12:10:15'),
(50, 425, 33, 1, '2019', 2, '2.00', '0.00', '0.00', '0.00', '0.00', '4.00', 1, '2019-03-02 12:10:15', '2019-03-02 12:10:15'),
(51, 426, 34, 1, '2019', 2, '2.00', '0.00', '0.00', '0.00', '0.00', '4.00', 1, '2019-03-02 12:10:15', '2019-03-02 12:10:15'),
(52, 427, 35, 1, '2019', 2, '2.00', '0.00', '0.00', '0.00', '0.00', '4.00', 1, '2019-03-02 12:10:15', '2019-03-02 12:10:15'),
(53, 428, 36, 1, '2019', 2, '2.00', '0.00', '0.00', '0.00', '0.00', '4.00', 1, '2019-03-02 12:10:15', '2019-03-02 12:10:15'),
(54, 429, 37, 1, '2019', 2, '2.00', '0.00', '0.00', '0.00', '0.00', '4.00', 1, '2019-03-02 12:10:15', '2019-03-02 12:10:15'),
(55, 430, 38, 1, '2019', 2, '2.00', '0.00', '0.00', '0.00', '0.00', '4.00', 1, '2019-03-02 12:10:15', '2019-03-02 12:10:15'),
(56, 431, 39, 1, '2019', 2, '2.00', '0.00', '0.00', '0.00', '0.00', '4.00', 1, '2019-03-02 12:10:15', '2019-03-02 12:10:15'),
(57, 432, 40, 1, '2019', 2, '2.00', '0.00', '0.00', '0.00', '0.00', '4.00', 1, '2019-03-02 12:10:15', '2019-03-02 12:10:15'),
(58, 433, 43, 1, '2019', 2, '2.00', '0.00', '0.00', '0.00', '0.00', '4.00', 1, '2019-03-02 12:10:15', '2019-03-02 12:10:15'),
(59, 434, 1, 1, '2019', 3, '2.00', '0.00', '0.00', '0.00', '0.00', '6.00', 1, '2019-03-02 12:10:19', '2019-03-02 12:10:19'),
(60, 435, 2, 1, '2019', 3, '2.00', '0.00', '0.00', '0.00', '0.00', '6.00', 1, '2019-03-02 12:10:19', '2019-03-02 12:10:19'),
(61, 436, 5, 1, '2019', 3, '2.00', '0.00', '0.00', '0.00', '0.00', '6.00', 1, '2019-03-02 12:10:19', '2019-03-02 12:10:19'),
(62, 437, 6, 1, '2019', 3, '2.00', '0.00', '0.00', '0.00', '0.00', '6.00', 1, '2019-03-02 12:10:19', '2019-03-02 12:10:19'),
(63, 438, 13, 1, '2019', 3, '2.00', '0.00', '0.00', '0.00', '0.00', '6.00', 1, '2019-03-02 12:10:19', '2019-03-02 12:10:19'),
(64, 439, 18, 1, '2019', 3, '2.00', '0.00', '0.00', '0.00', '0.00', '6.00', 1, '2019-03-02 12:10:19', '2019-03-02 12:10:19'),
(65, 440, 19, 1, '2019', 3, '2.00', '0.00', '0.00', '0.00', '0.00', '6.00', 1, '2019-03-02 12:10:20', '2019-03-02 12:10:20'),
(66, 441, 20, 1, '2019', 3, '2.00', '0.00', '0.00', '0.00', '0.00', '6.00', 1, '2019-03-02 12:10:20', '2019-03-02 12:10:20'),
(67, 442, 21, 1, '2019', 3, '2.00', '0.00', '0.00', '0.00', '0.00', '6.00', 1, '2019-03-02 12:10:20', '2019-03-02 12:10:20'),
(68, 443, 22, 1, '2019', 3, '2.00', '0.00', '0.00', '0.00', '0.00', '6.00', 1, '2019-03-02 12:10:20', '2019-03-02 12:10:20'),
(69, 444, 23, 1, '2019', 3, '2.00', '0.00', '0.00', '0.00', '0.00', '6.00', 1, '2019-03-02 12:10:20', '2019-03-02 12:10:20'),
(70, 445, 24, 1, '2019', 3, '2.00', '0.00', '0.00', '0.00', '0.00', '6.00', 1, '2019-03-02 12:10:20', '2019-03-02 12:10:20'),
(71, 446, 25, 1, '2019', 3, '2.00', '0.00', '0.00', '0.00', '0.00', '6.00', 1, '2019-03-02 12:10:20', '2019-03-02 12:10:20'),
(72, 447, 26, 1, '2019', 3, '2.00', '0.00', '0.00', '0.00', '0.00', '6.00', 1, '2019-03-02 12:10:20', '2019-03-02 12:10:20'),
(73, 448, 27, 1, '2019', 3, '2.00', '4.50', '0.00', '0.00', '0.00', '1.50', 1, '2019-03-02 12:10:20', '2019-03-12 13:01:33'),
(74, 449, 28, 1, '2019', 3, '2.00', '0.00', '0.00', '0.00', '0.00', '6.00', 1, '2019-03-02 12:10:20', '2019-03-02 12:10:20'),
(75, 450, 29, 1, '2019', 3, '2.00', '0.00', '0.00', '0.00', '0.00', '6.00', 1, '2019-03-02 12:10:20', '2019-03-02 12:10:20'),
(76, 451, 30, 1, '2019', 3, '2.00', '0.00', '0.00', '0.00', '0.00', '6.00', 1, '2019-03-02 12:10:20', '2019-03-02 12:10:20'),
(77, 452, 31, 1, '2019', 3, '2.00', '0.00', '0.00', '0.00', '0.00', '6.00', 1, '2019-03-02 12:10:20', '2019-03-02 12:10:20'),
(78, 453, 32, 1, '2019', 3, '2.00', '0.00', '0.00', '0.00', '0.00', '6.00', 1, '2019-03-02 12:10:20', '2019-03-02 12:10:20'),
(79, 454, 33, 1, '2019', 3, '2.00', '0.00', '0.00', '0.00', '0.00', '6.00', 1, '2019-03-02 12:10:21', '2019-03-02 12:10:21'),
(80, 455, 34, 1, '2019', 3, '2.00', '0.00', '0.00', '0.00', '0.00', '6.00', 1, '2019-03-02 12:10:21', '2019-03-02 12:10:21'),
(81, 456, 35, 1, '2019', 3, '2.00', '0.00', '0.00', '0.00', '0.00', '6.00', 1, '2019-03-02 12:10:21', '2019-03-02 12:10:21'),
(82, 457, 36, 1, '2019', 3, '2.00', '0.00', '0.00', '0.00', '0.00', '6.00', 1, '2019-03-02 12:10:21', '2019-03-02 12:10:21'),
(83, 458, 37, 1, '2019', 3, '2.00', '0.00', '0.00', '0.00', '0.00', '6.00', 1, '2019-03-02 12:10:21', '2019-03-02 12:10:21'),
(84, 459, 38, 1, '2019', 3, '2.00', '0.00', '0.00', '0.00', '0.00', '6.00', 1, '2019-03-02 12:10:21', '2019-03-02 12:10:21'),
(85, 460, 39, 1, '2019', 3, '2.00', '0.00', '0.00', '0.00', '0.00', '6.00', 1, '2019-03-02 12:10:21', '2019-03-02 12:10:21'),
(86, 461, 40, 1, '2019', 3, '2.00', '0.00', '0.00', '0.00', '0.00', '6.00', 1, '2019-03-02 12:10:21', '2019-03-02 12:10:21'),
(87, 462, 43, 1, '2019', 3, '2.00', '4.50', '0.00', '0.00', '0.00', '1.50', 1, '2019-03-02 12:10:21', '2019-03-08 12:09:29'),
(146, 521, 1, 2, '2019', 0, '3.00', '0.00', '0.00', '0.00', '0.00', '3.00', 1, '2019-03-08 17:06:33', '2019-03-08 17:06:33'),
(147, 522, 2, 2, '2019', 0, '3.00', '0.00', '0.00', '0.00', '0.00', '3.00', 1, '2019-03-08 17:06:33', '2019-03-08 17:06:33'),
(148, 523, 5, 2, '2019', 0, '3.00', '0.00', '0.00', '0.00', '0.00', '3.00', 1, '2019-03-08 17:06:33', '2019-03-08 17:06:33'),
(149, 524, 6, 2, '2019', 0, '3.00', '0.00', '0.00', '0.00', '0.00', '3.00', 1, '2019-03-08 17:06:33', '2019-03-08 17:06:33'),
(150, 525, 13, 2, '2019', 0, '3.00', '0.00', '0.00', '0.00', '0.00', '3.00', 1, '2019-03-08 17:06:33', '2019-03-08 17:06:33'),
(151, 526, 18, 2, '2019', 0, '3.00', '0.00', '0.00', '0.00', '0.00', '3.00', 1, '2019-03-08 17:06:33', '2019-03-08 17:06:33'),
(152, 527, 19, 2, '2019', 0, '3.00', '0.00', '0.00', '0.00', '0.00', '3.00', 1, '2019-03-08 17:06:33', '2019-03-08 17:06:33'),
(153, 528, 20, 2, '2019', 0, '3.00', '0.00', '0.00', '0.00', '0.00', '3.00', 1, '2019-03-08 17:06:34', '2019-03-08 17:06:34'),
(154, 529, 21, 2, '2019', 0, '3.00', '0.00', '0.00', '0.00', '0.00', '3.00', 1, '2019-03-08 17:06:34', '2019-03-08 17:06:34'),
(155, 530, 22, 2, '2019', 0, '3.00', '0.00', '0.00', '0.00', '0.00', '3.00', 1, '2019-03-08 17:06:34', '2019-03-08 17:06:34'),
(156, 531, 23, 2, '2019', 0, '3.00', '0.00', '0.00', '0.00', '0.00', '3.00', 1, '2019-03-08 17:06:34', '2019-03-08 17:06:34'),
(157, 532, 24, 2, '2019', 0, '3.00', '0.00', '0.00', '0.00', '0.00', '3.00', 1, '2019-03-08 17:06:34', '2019-03-08 17:06:34'),
(158, 533, 25, 2, '2019', 0, '3.00', '0.00', '0.00', '0.00', '0.00', '3.00', 1, '2019-03-08 17:06:34', '2019-03-08 17:06:34'),
(160, 535, 27, 2, '2019', 0, '3.00', '0.00', '0.00', '0.00', '0.00', '3.00', 1, '2019-03-08 17:06:34', '2019-03-08 17:06:34'),
(161, 536, 28, 2, '2019', 0, '3.00', '0.00', '0.00', '0.00', '0.00', '3.00', 1, '2019-03-08 17:06:34', '2019-03-08 17:06:34'),
(162, 537, 29, 2, '2019', 0, '3.00', '0.00', '0.00', '0.00', '0.00', '3.00', 1, '2019-03-08 17:06:34', '2019-03-08 17:06:34'),
(163, 538, 30, 2, '2019', 0, '3.00', '0.00', '0.00', '0.00', '0.00', '3.00', 1, '2019-03-08 17:06:34', '2019-03-08 17:06:34'),
(164, 539, 31, 2, '2019', 0, '3.00', '0.00', '0.00', '0.00', '0.00', '3.00', 1, '2019-03-08 17:06:34', '2019-03-08 17:06:34'),
(165, 540, 32, 2, '2019', 0, '3.00', '0.00', '0.00', '0.00', '0.00', '3.00', 1, '2019-03-08 17:06:35', '2019-03-08 17:06:35'),
(166, 541, 33, 2, '2019', 0, '3.00', '0.00', '0.00', '0.00', '0.00', '3.00', 1, '2019-03-08 17:06:35', '2019-03-08 17:06:35'),
(167, 542, 34, 2, '2019', 0, '3.00', '0.00', '0.00', '0.00', '0.00', '3.00', 1, '2019-03-08 17:06:35', '2019-03-08 17:06:35'),
(168, 543, 35, 2, '2019', 0, '3.00', '0.00', '0.00', '0.00', '0.00', '3.00', 1, '2019-03-08 17:06:35', '2019-03-08 17:06:35'),
(169, 544, 36, 2, '2019', 0, '3.00', '0.00', '0.00', '0.00', '0.00', '3.00', 1, '2019-03-08 17:06:35', '2019-03-08 17:06:35'),
(170, 545, 37, 2, '2019', 0, '3.00', '0.00', '0.00', '0.00', '0.00', '3.00', 1, '2019-03-08 17:06:35', '2019-03-08 17:06:35'),
(171, 546, 38, 2, '2019', 0, '3.00', '0.00', '0.00', '0.00', '0.00', '3.00', 1, '2019-03-08 17:06:35', '2019-03-08 17:06:35'),
(172, 547, 39, 2, '2019', 0, '3.00', '0.00', '0.00', '0.00', '0.00', '3.00', 1, '2019-03-08 17:06:35', '2019-03-08 17:06:35'),
(173, 548, 40, 2, '2019', 0, '3.00', '0.00', '0.00', '0.00', '0.00', '3.00', 1, '2019-03-08 17:06:35', '2019-03-08 17:06:35'),
(174, 549, 43, 2, '2019', 0, '3.00', '0.00', '0.00', '0.00', '0.00', '3.00', 1, '2019-03-08 17:06:35', '2019-03-08 17:06:35'),
(175, 550, 26, 2, '2019', 0, '3.00', '0.00', '0.00', '0.00', '0.00', '3.00', 1, '2019-03-08 17:07:37', '2019-03-08 17:07:37');

-- --------------------------------------------------------

--
-- Table structure for table `employee_nominees`
--

CREATE TABLE `employee_nominees` (
  `id` int(11) NOT NULL,
  `employee_id` int(11) NOT NULL,
  `nominee_for` varchar(200) COLLATE utf8_bin DEFAULT NULL,
  `family_id` int(11) NOT NULL,
  `nomination_percent` int(11) DEFAULT NULL,
  `is_mental_illness` tinyint(1) NOT NULL DEFAULT '0',
  `is_minor` tinyint(1) NOT NULL DEFAULT '0',
  `status` tinyint(1) NOT NULL DEFAULT '1',
  `createdAt` datetime NOT NULL,
  `updatedAt` datetime NOT NULL
) ENGINE=InnoDB DEFAULT CHARSET=utf8 COLLATE=utf8_bin;

--
-- Dumping data for table `employee_nominees`
--

INSERT INTO `employee_nominees` (`id`, `employee_id`, `nominee_for`, `family_id`, `nomination_percent`, `is_mental_illness`, `is_minor`, `status`, `createdAt`, `updatedAt`) VALUES
(1, 1, '20181212', 1, 12, 1, 0, 1, '2018-11-14 15:32:55', '2018-11-14 15:32:55'),
(2, 1, '', 1, 45, 1, 1, 1, '2018-11-14 16:30:35', '2018-11-14 16:30:35'),
(3, 1, 'EPS', 1, 21, 1, 1, 1, '2018-11-14 16:32:19', '2018-11-14 16:32:19'),
(4, 5, 'EPF', 10, 21, 1, 1, 1, '2018-11-14 16:37:56', '2018-11-14 16:37:56'),
(5, 5, 'EPF', 10, 21, 1, 1, 1, '2018-11-14 16:38:08', '2018-11-14 16:38:08'),
(6, 1, 'EPF', 16, 67, 1, 1, 1, '2018-12-18 16:05:37', '2018-12-18 16:05:53');

-- --------------------------------------------------------

--
-- Table structure for table `employee_pfs`
--

CREATE TABLE `employee_pfs` (
  `id` int(11) NOT NULL,
  `employee_id` int(11) NOT NULL,
  `is_employee_eligible_for_pf` tinyint(1) NOT NULL DEFAULT '0',
  `is_employee_eligible_for_excess_epf_contribution` tinyint(1) NOT NULL DEFAULT '0',
  `is_employee_eligible_for_excess_eps_contribution` tinyint(1) NOT NULL DEFAULT '0',
  `is_employee_eligible_for_esi` tinyint(1) NOT NULL DEFAULT '0',
  `is_existing_member_of_pf` tinyint(1) NOT NULL DEFAULT '0',
  `universal_account_number` varchar(200) COLLATE utf8_bin DEFAULT NULL,
  `pf_number` varchar(200) COLLATE utf8_bin DEFAULT NULL,
  `pf_scheme` varchar(200) COLLATE utf8_bin DEFAULT NULL,
  `pf_joining_date` datetime DEFAULT NULL,
  `family_pf_number` varchar(200) COLLATE utf8_bin DEFAULT NULL,
  `esi_number` varchar(200) COLLATE utf8_bin DEFAULT NULL,
  `status` tinyint(1) NOT NULL DEFAULT '1',
  `createdAt` datetime NOT NULL,
  `updatedAt` datetime NOT NULL
) ENGINE=InnoDB DEFAULT CHARSET=utf8 COLLATE=utf8_bin;

--
-- Dumping data for table `employee_pfs`
--

INSERT INTO `employee_pfs` (`id`, `employee_id`, `is_employee_eligible_for_pf`, `is_employee_eligible_for_excess_epf_contribution`, `is_employee_eligible_for_excess_eps_contribution`, `is_employee_eligible_for_esi`, `is_existing_member_of_pf`, `universal_account_number`, `pf_number`, `pf_scheme`, `pf_joining_date`, `family_pf_number`, `esi_number`, `status`, `createdAt`, `updatedAt`) VALUES
(1, 1, 0, 0, 0, 0, 0, 'fsdfsdf453453', '4345543555434', 'wrwaaf', '2018-12-12 05:30:00', '2342432', '234234', 1, '2018-10-31 16:08:28', '2019-02-13 12:25:34'),
(4, 18, 1, 1, 1, 1, 0, 'fsdfsdf453453', '878778', NULL, '2018-12-12 05:30:00', 'zdfdxvfg', '545445', 1, '2018-10-31 16:20:42', '2019-02-13 12:27:13'),
(5, 19, 1, 1, 1, 1, 0, '544554', '5fds45', NULL, NULL, NULL, '5548754', 1, '2018-10-31 16:23:38', '2018-10-31 16:23:38'),
(6, 20, 1, 1, 1, 1, 0, '54', '54', NULL, NULL, NULL, '478', 1, '2018-10-31 16:26:21', '2018-10-31 16:26:21'),
(7, 22, 0, 0, 0, 0, 0, '', '', NULL, NULL, NULL, '', 1, '2018-11-20 15:38:25', '2018-11-20 15:38:25'),
(8, 23, 0, 0, 0, 0, 0, '', '', NULL, NULL, NULL, '', 1, '2018-11-26 18:11:36', '2018-11-26 18:11:36'),
(9, 25, 1, 1, 1, 1, 0, '32546576', '32453464576', NULL, NULL, NULL, '435465768', 1, '2018-12-18 12:22:39', '2018-12-18 12:22:39'),
(10, 26, 1, 1, 1, 1, 0, '234345456', '353464', NULL, NULL, NULL, '23425346457', 1, '2018-12-18 12:38:19', '2018-12-18 12:38:19'),
(11, 27, 1, 1, 1, 1, 0, '354645767678', '456467658', NULL, NULL, NULL, '34354657568', 1, '2018-12-18 12:44:46', '2018-12-18 12:44:46'),
(12, 28, 1, 1, 1, 1, 0, '576576578', 'e65r765786', NULL, NULL, NULL, '45464576', 1, '2018-12-18 12:56:42', '2018-12-18 12:56:42'),
(13, 29, 0, 0, 0, 0, 0, '', '', NULL, NULL, NULL, '', 1, '2018-12-18 13:12:07', '2018-12-18 13:12:07'),
(14, 30, 0, 0, 0, 0, 0, '', '', NULL, NULL, NULL, '', 1, '2018-12-18 13:14:15', '2018-12-18 13:14:15'),
(15, 31, 1, 1, 1, 1, 0, '12321435', '124354', NULL, NULL, NULL, '2132435646', 1, '2019-01-05 17:22:55', '2019-01-05 17:22:55'),
(16, 32, 0, 0, 0, 0, 0, '', '', NULL, NULL, NULL, '', 1, '2019-01-07 12:35:34', '2019-01-07 12:35:34'),
(17, 33, 0, 0, 0, 0, 0, '', '', NULL, NULL, NULL, '', 1, '2019-01-07 15:21:57', '2019-01-07 15:21:57'),
(18, 34, 0, 0, 0, 0, 0, '', '', NULL, NULL, NULL, '', 1, '2019-01-07 16:06:50', '2019-01-07 16:06:50'),
(19, 35, 0, 0, 0, 0, 0, '', '', NULL, NULL, NULL, '', 1, '2019-01-07 16:29:12', '2019-01-07 16:29:12'),
(20, 36, 0, 0, 0, 0, 0, '', '', NULL, NULL, NULL, '', 1, '2019-01-08 10:31:05', '2019-01-08 10:31:05'),
(21, 37, 0, 0, 0, 0, 0, '', '', NULL, NULL, NULL, '', 1, '2019-01-08 10:34:38', '2019-01-08 10:34:38'),
(22, 38, 0, 0, 0, 0, 0, '', '', NULL, NULL, NULL, '', 1, '2019-01-08 10:42:05', '2019-01-08 10:42:05'),
(23, 39, 0, 0, 0, 0, 0, '', '', NULL, NULL, NULL, '', 1, '2019-01-08 15:12:52', '2019-01-08 15:12:52'),
(24, 41, 1, 1, 1, 1, 0, '2342354', '343543', NULL, NULL, NULL, '23543654', 1, '2019-02-21 11:02:04', '2019-02-21 11:02:04'),
(25, 42, 1, 1, 1, 1, 0, '23435436', '546547657', NULL, NULL, NULL, '453645654', 1, '2019-02-21 11:17:26', '2019-02-21 11:17:26'),
(26, 43, 0, 0, 0, 0, 0, '', '', NULL, NULL, NULL, '', 1, '2019-03-01 16:13:18', '2019-03-01 16:13:18');

-- --------------------------------------------------------

--
-- Table structure for table `employee_positions`
--

CREATE TABLE `employee_positions` (
  `id` int(11) NOT NULL,
  `employee_id` int(11) NOT NULL,
  `department_id` int(11) NOT NULL,
  `designation_id` int(11) NOT NULL,
  `grade_id` int(11) NOT NULL,
  `location_id` int(11) NOT NULL,
  `scheme_id` int(11) DEFAULT NULL,
  `attendance_scheme_id` int(11) NOT NULL,
  `reporting_to` int(11) DEFAULT NULL,
  `effective_from` datetime NOT NULL,
  `effective_to` datetime DEFAULT NULL,
  `reason` text COLLATE utf8_bin,
  `is_current` tinyint(1) NOT NULL DEFAULT '0',
  `status` tinyint(1) NOT NULL DEFAULT '1',
  `createdAt` datetime NOT NULL,
  `updatedAt` datetime NOT NULL
) ENGINE=InnoDB DEFAULT CHARSET=utf8 COLLATE=utf8_bin;

--
-- Dumping data for table `employee_positions`
--

INSERT INTO `employee_positions` (`id`, `employee_id`, `department_id`, `designation_id`, `grade_id`, `location_id`, `scheme_id`, `attendance_scheme_id`, `reporting_to`, `effective_from`, `effective_to`, `reason`, `is_current`, `status`, `createdAt`, `updatedAt`) VALUES
(1, 1, 5, 10, 1, 1, NULL, 1, 1, '2018-12-12 05:30:00', '2018-12-12 05:30:00', 'nothing', 0, 1, '2018-11-20 15:24:57', '2018-11-20 15:24:57'),
(2, 1, 5, 10, 1, 1, 1, 1, 1, '2018-12-12 05:30:00', '2018-12-12 05:30:00', 'nothing', 0, 1, '2018-11-20 15:25:53', '2018-11-20 15:25:53'),
(3, 22, 7, 10, 1, 1, 1, 1, NULL, '2018-11-20 15:38:25', '2018-11-20 15:38:25', NULL, 0, 1, '2018-11-20 15:38:25', '2018-11-20 15:38:25'),
(4, 23, 7, 10, 1, 1, 1, 1, NULL, '2018-11-26 18:11:36', '2018-11-26 18:11:36', NULL, 0, 1, '2018-11-26 18:11:36', '2018-11-26 18:11:36'),
(5, 25, 7, 10, 1, 1, 6, 1, NULL, '2018-12-18 12:22:39', '2018-12-18 12:22:39', NULL, 0, 1, '2018-12-18 12:22:39', '2018-12-18 12:22:39'),
(6, 26, 6, 10, 1, 1, 6, 1, NULL, '2018-12-18 12:38:19', '2018-12-18 12:38:19', NULL, 0, 1, '2018-12-18 12:38:19', '2018-12-18 12:38:19'),
(7, 27, 6, 10, 5, 1, 1, 1, NULL, '2018-12-18 12:44:46', '2018-12-18 12:44:46', NULL, 0, 1, '2018-12-18 12:44:46', '2018-12-18 12:44:46'),
(8, 28, 7, 10, 1, 1, 6, 1, NULL, '2018-12-18 12:56:42', '2018-12-18 12:56:42', NULL, 0, 1, '2018-12-18 12:56:42', '2018-12-18 12:56:42'),
(9, 29, 7, 10, 5, 1, 1, 1, NULL, '2018-12-18 13:12:07', '2018-12-18 13:12:07', NULL, 0, 1, '2018-12-18 13:12:07', '2018-12-18 13:12:07'),
(10, 30, 5, 10, 1, 1, 6, 1, NULL, '2018-12-18 13:14:15', '2018-12-18 13:14:15', NULL, 0, 1, '2018-12-18 13:14:15', '2018-12-18 13:14:15'),
(11, 31, 7, 10, 1, 1, 1, 1, NULL, '2019-01-05 17:22:55', '2019-01-05 17:22:55', NULL, 0, 1, '2019-01-05 17:22:55', '2019-01-05 17:22:55'),
(12, 32, 6, 10, 1, 1, 1, 1, NULL, '2019-01-07 12:35:33', '2019-01-07 12:35:33', NULL, 0, 1, '2019-01-07 12:35:33', '2019-01-07 12:35:33'),
(13, 33, 7, 10, 1, 1, 1, 1, NULL, '2019-01-07 15:21:57', '2019-01-07 15:21:57', NULL, 0, 1, '2019-01-07 15:21:57', '2019-01-07 15:21:57'),
(14, 34, 6, 10, 5, 1, 1, 1, NULL, '2019-01-07 16:06:49', '2019-01-07 16:06:49', NULL, 0, 1, '2019-01-07 16:06:49', '2019-01-07 16:06:49'),
(15, 35, 6, 10, 1, 1, 1, 1, NULL, '2019-01-07 16:29:12', '2019-01-07 16:29:12', NULL, 0, 1, '2019-01-07 16:29:12', '2019-01-07 16:29:12'),
(16, 36, 6, 10, 5, 1, 1, 1, NULL, '2019-01-08 10:31:04', '2019-01-08 10:31:04', NULL, 0, 1, '2019-01-08 10:31:04', '2019-01-08 10:31:04'),
(17, 37, 6, 10, 1, 1, 1, 1, NULL, '2019-01-08 10:34:35', '2019-01-08 10:34:35', NULL, 0, 1, '2019-01-08 10:34:35', '2019-01-08 10:34:35'),
(18, 38, 5, 10, 5, 1, 6, 1, NULL, '2019-01-08 10:42:04', '2019-01-08 10:42:04', NULL, 0, 1, '2019-01-08 10:42:04', '2019-01-08 10:42:04'),
(19, 39, 7, 10, 1, 1, 1, 1, NULL, '2019-01-08 15:12:52', '2019-01-08 15:12:52', NULL, 0, 1, '2019-01-08 15:12:52', '2019-01-08 15:12:52'),
(20, 1, 7, 10, 1, 4, 1, 1, NULL, '2019-02-22 05:30:00', '2019-02-20 05:30:00', NULL, 0, 1, '2019-02-18 16:01:05', '2019-02-18 16:01:05'),
(21, 1, 7, 10, 5, 1, 6, 1, NULL, '2019-02-22 05:30:00', '2019-02-19 05:30:00', NULL, 0, 1, '2019-02-18 16:13:29', '2019-02-18 16:13:29'),
(23, 41, 7, 10, 1, 1, 1, 1, NULL, '2019-02-21 11:02:04', '2019-02-21 11:02:04', NULL, 0, 1, '2019-02-21 11:02:04', '2019-02-21 11:02:04'),
(24, 42, 7, 10, 5, 1, 1, 1, NULL, '2019-02-21 11:17:26', '2019-02-21 11:17:26', NULL, 0, 1, '2019-02-21 11:17:26', '2019-02-21 11:17:26'),
(25, 43, 7, 10, 1, 1, 1, 1, NULL, '2019-03-01 16:13:18', '2019-03-01 16:13:18', NULL, 0, 1, '2019-03-01 16:13:18', '2019-03-01 16:13:18');

-- --------------------------------------------------------

--
-- Table structure for table `employee_prev_employments`
--

CREATE TABLE `employee_prev_employments` (
  `id` int(11) NOT NULL,
  `employee_id` int(11) NOT NULL,
  `from_date` datetime NOT NULL,
  `to_date` datetime NOT NULL,
  `designation` varchar(200) COLLATE utf8_bin DEFAULT NULL,
  `company_name` varchar(200) COLLATE utf8_bin DEFAULT NULL,
  `company_address` varchar(200) COLLATE utf8_bin DEFAULT NULL,
  `nature_of_duties` varchar(200) COLLATE utf8_bin DEFAULT NULL,
  `leaving_reason` varchar(200) COLLATE utf8_bin DEFAULT NULL,
  `relevant_experience` int(11) DEFAULT NULL,
  `pf_member_id` varchar(200) COLLATE utf8_bin DEFAULT NULL,
  `status` tinyint(1) NOT NULL DEFAULT '1',
  `createdAt` datetime NOT NULL,
  `updatedAt` datetime NOT NULL
) ENGINE=InnoDB DEFAULT CHARSET=utf8 COLLATE=utf8_bin;

--
-- Dumping data for table `employee_prev_employments`
--

INSERT INTO `employee_prev_employments` (`id`, `employee_id`, `from_date`, `to_date`, `designation`, `company_name`, `company_address`, `nature_of_duties`, `leaving_reason`, `relevant_experience`, `pf_member_id`, `status`, `createdAt`, `updatedAt`) VALUES
(1, 1, '2018-12-12 05:30:00', '2018-12-12 05:30:00', '10', '1', '1', '2018-12-12', '2018-12-12', 12, '0', 1, '2018-11-14 11:33:01', '2018-12-18 17:13:17'),
(2, 1, '2018-11-23 05:30:00', '2018-11-15 05:30:00', 'kj', 'abc', 'df', 'ge', '', 2, '', 1, '2018-11-14 12:17:32', '2018-11-14 12:17:32'),
(3, 1, '2018-11-14 05:30:00', '2018-11-14 05:30:00', 'sdf', 'sfd', 'fs', 'sdf', '54', 5, '', 1, '2018-11-14 12:51:04', '2018-11-14 12:51:04'),
(4, 5, '2018-11-22 05:30:00', '2018-11-28 05:30:00', 'kj', 'nafdk', 'kj', 'kj', '54', 54, '', 1, '2018-11-14 12:57:23', '2018-11-14 12:57:23'),
(5, 18, '2018-11-13 05:30:00', '2018-11-22 05:30:00', 'sfd', 'fsf', 'fsd', 'sfd', 'fsfsf', 54, '', 1, '2018-11-14 12:59:04', '2018-11-14 12:59:04'),
(6, 1, '2018-11-20 05:30:00', '2018-11-16 05:30:00', 'sfd', 'fsd', 'fsd', 'sfd', 'fsfd', 5, '5', 1, '2018-11-14 13:00:22', '2018-11-14 13:00:22'),
(7, 5, '2018-11-14 05:30:00', '2018-11-16 05:30:00', 'sfd', 'Ravan comp', 'sf', 'fs', 'fsfsd', 45, '54', 1, '2018-11-14 13:01:45', '2018-11-14 13:01:45'),
(8, 5, '2018-11-23 05:30:00', '2018-11-07 05:30:00', 'sfs', 'ravan com -2', 'fsf', 'fsdf', 'fdsjk', 2, '2', 1, '2018-11-14 13:03:01', '2018-11-14 13:03:01'),
(9, 1, '2018-11-22 05:30:00', '2018-11-10 05:30:00', 'sfd', 'fs', 'sfd', 'fsd', 'fs', 54, '5', 1, '2018-11-14 13:05:04', '2018-11-14 13:05:04'),
(10, 1, '2018-11-01 05:30:00', '2018-11-14 05:30:00', 'sdf', 'fsf', 'sf', 'sdf', 'fsdf', 54, '54', 1, '2018-11-14 13:06:27', '2018-11-14 13:06:27'),
(11, 1, '2018-11-20 05:30:00', '2018-11-16 05:30:00', 'sdf', 'sfd', 'fsd', 'fsd', 'fsd', 2, '2', 1, '2018-11-14 13:08:11', '2018-11-14 13:08:11'),
(13, 1, '2018-12-07 05:30:00', '2018-12-14 05:30:00', 'dfhfgh', 'sdgfd', 'dfgh', 'dfhfgh', 'fghgh', 3, '3', 1, '2018-12-18 17:09:37', '2018-12-18 17:09:37'),
(14, 1, '2018-12-06 05:30:00', '2018-12-20 05:30:00', 'awdd', 'wdwedf', 'aded', 'sawddf', 'wsdd', 5, '6', 1, '2018-12-18 17:32:51', '2018-12-18 17:33:19');

-- --------------------------------------------------------

--
-- Table structure for table `employee_probations`
--

CREATE TABLE `employee_probations` (
  `id` int(11) NOT NULL,
  `employee_id` int(11) NOT NULL,
  `extend_period` int(11) DEFAULT NULL,
  `revised_confirm_date` datetime DEFAULT NULL,
  `reason_of_extension` varchar(200) COLLATE utf8_bin DEFAULT NULL,
  `status` tinyint(1) NOT NULL DEFAULT '1',
  `createdAt` datetime NOT NULL,
  `updatedAt` datetime NOT NULL
) ENGINE=InnoDB DEFAULT CHARSET=utf8 COLLATE=utf8_bin;

-- --------------------------------------------------------

--
-- Table structure for table `employee_qualifications`
--

CREATE TABLE `employee_qualifications` (
  `id` int(11) NOT NULL,
  `employee_id` int(11) NOT NULL,
  `from_year` varchar(200) COLLATE utf8_bin DEFAULT NULL,
  `to_year` varchar(200) COLLATE utf8_bin DEFAULT NULL,
  `qualification` varchar(200) COLLATE utf8_bin DEFAULT NULL,
  `duration` varchar(200) COLLATE utf8_bin DEFAULT NULL,
  `institute` varchar(200) COLLATE utf8_bin DEFAULT NULL,
  `university` varchar(200) COLLATE utf8_bin DEFAULT NULL,
  `qualification_level` varchar(200) COLLATE utf8_bin DEFAULT NULL,
  `qualification_area` varchar(200) COLLATE utf8_bin DEFAULT NULL,
  `grade` varchar(200) COLLATE utf8_bin DEFAULT NULL,
  `remarks` text COLLATE utf8_bin,
  `status` tinyint(1) NOT NULL DEFAULT '1',
  `createdAt` datetime NOT NULL,
  `updatedAt` datetime NOT NULL
) ENGINE=InnoDB DEFAULT CHARSET=utf8 COLLATE=utf8_bin;

-- --------------------------------------------------------

--
-- Table structure for table `employee_resignations`
--

CREATE TABLE `employee_resignations` (
  `id` int(11) NOT NULL,
  `employee_id` int(11) NOT NULL,
  `leaving_date` datetime DEFAULT NULL,
  `resignation_submission_date` datetime DEFAULT NULL,
  `date_of_releiving` datetime DEFAULT NULL,
  `reason_for_leaving` text COLLATE utf8_bin,
  `has_left_the_organization` tinyint(1) NOT NULL DEFAULT '0',
  `is_deceased` tinyint(1) NOT NULL DEFAULT '0',
  `date_of_death` datetime DEFAULT NULL,
  `is_fit_to_be_rehired` tinyint(1) NOT NULL DEFAULT '0',
  `employee_feedback` text COLLATE utf8_bin,
  `final_settlement_date` datetime DEFAULT NULL,
  `exit_intview_cond_on` datetime DEFAULT NULL,
  `remarks` text COLLATE utf8_bin,
  `no_due_certificat_isuued` varchar(200) COLLATE utf8_bin DEFAULT NULL,
  `is_notice_required` tinyint(1) NOT NULL DEFAULT '0',
  `is_notice_served` tinyint(1) NOT NULL DEFAULT '0',
  `notice_period` int(11) DEFAULT NULL,
  `pf_leaving_reason` varchar(200) COLLATE utf8_bin DEFAULT NULL,
  `separation_mode` varchar(200) COLLATE utf8_bin DEFAULT NULL,
  `retirement_date` datetime DEFAULT NULL,
  `exclude_from_final_settlement` varchar(200) COLLATE utf8_bin DEFAULT NULL,
  `status` tinyint(1) NOT NULL DEFAULT '1',
  `createdAt` datetime NOT NULL,
  `updatedAt` datetime NOT NULL
) ENGINE=InnoDB DEFAULT CHARSET=utf8 COLLATE=utf8_bin;

-- --------------------------------------------------------

--
-- Table structure for table `employment_statuses`
--

CREATE TABLE `employment_statuses` (
  `id` int(11) NOT NULL,
  `name` varchar(200) COLLATE utf8_bin NOT NULL,
  `status` tinyint(1) NOT NULL DEFAULT '1',
  `createdAt` datetime NOT NULL,
  `updatedAt` datetime NOT NULL
) ENGINE=InnoDB DEFAULT CHARSET=utf8 COLLATE=utf8_bin;

--
-- Dumping data for table `employment_statuses`
--

INSERT INTO `employment_statuses` (`id`, `name`, `status`, `createdAt`, `updatedAt`) VALUES
(1, 'General', 1, '2018-10-24 12:31:50', '2018-10-24 12:31:50'),
(2, 'Contract', 1, '2019-01-30 00:00:00', '2019-01-30 00:00:00');

-- --------------------------------------------------------

--
-- Table structure for table `grades`
--

CREATE TABLE `grades` (
  `id` int(11) NOT NULL,
  `name` varchar(200) COLLATE utf8_bin NOT NULL,
  `status` tinyint(1) NOT NULL DEFAULT '1',
  `createdAt` datetime NOT NULL,
  `updatedAt` datetime NOT NULL
) ENGINE=InnoDB DEFAULT CHARSET=utf8 COLLATE=utf8_bin;

--
-- Dumping data for table `grades`
--

INSERT INTO `grades` (`id`, `name`, `status`, `createdAt`, `updatedAt`) VALUES
(1, 'A1', 1, '2018-10-23 12:56:31', '2018-10-23 12:57:55'),
(5, 'B2', 1, '2018-10-29 14:55:36', '2018-10-29 14:55:36');

-- --------------------------------------------------------

--
-- Table structure for table `holiday_lists`
--

CREATE TABLE `holiday_lists` (
  `id` int(11) NOT NULL,
  `holiday_date` date NOT NULL,
  `name` varchar(255) COLLATE utf8_bin DEFAULT NULL,
  `is_optional` tinyint(1) NOT NULL DEFAULT '0',
  `location_id` int(11) NOT NULL,
  `status` tinyint(1) NOT NULL DEFAULT '1',
  `createdAt` datetime NOT NULL,
  `updatedAt` datetime NOT NULL
) ENGINE=InnoDB DEFAULT CHARSET=utf8 COLLATE=utf8_bin;

--
-- Dumping data for table `holiday_lists`
--

INSERT INTO `holiday_lists` (`id`, `holiday_date`, `name`, `is_optional`, `location_id`, `status`, `createdAt`, `updatedAt`) VALUES
(19, '2019-01-26', 'Republic Day', 1, 1, 1, '2019-02-05 18:07:01', '2019-02-05 18:07:01');

-- --------------------------------------------------------

--
-- Table structure for table `hr_forms`
--

CREATE TABLE `hr_forms` (
  `id` int(11) NOT NULL,
  `serial` varchar(200) COLLATE utf8_bin DEFAULT NULL,
  `category` varchar(200) COLLATE utf8_bin DEFAULT NULL,
  `description` text COLLATE utf8_bin,
  `file_path` varchar(200) COLLATE utf8_bin DEFAULT NULL,
  `employee_filter` varchar(200) COLLATE utf8_bin DEFAULT NULL,
  `status` tinyint(1) NOT NULL DEFAULT '1',
  `createdAt` datetime NOT NULL,
  `updatedAt` datetime NOT NULL
) ENGINE=InnoDB DEFAULT CHARSET=utf8 COLLATE=utf8_bin;

-- --------------------------------------------------------

--
-- Table structure for table `interviews`
--

CREATE TABLE `interviews` (
  `id` int(11) NOT NULL,
  `profile_id` int(11) NOT NULL,
  `schedule_date` datetime DEFAULT NULL,
  `scheduled_by` int(11) DEFAULT NULL,
  `interviewer` int(11) DEFAULT NULL,
  `interview_round` varchar(255) COLLATE utf8_bin DEFAULT NULL,
  `interview_mode` varchar(255) COLLATE utf8_bin DEFAULT NULL,
  `interview_status` varchar(255) COLLATE utf8_bin DEFAULT NULL,
  `createdAt` datetime NOT NULL,
  `updatedAt` datetime NOT NULL
) ENGINE=InnoDB DEFAULT CHARSET=utf8 COLLATE=utf8_bin;

--
-- Dumping data for table `interviews`
--

INSERT INTO `interviews` (`id`, `profile_id`, `schedule_date`, `scheduled_by`, `interviewer`, `interview_round`, `interview_mode`, `interview_status`, `createdAt`, `updatedAt`) VALUES
(1, 3, '2019-04-12 15:59:23', 1, 1, 'HR Round', 'Telephonic', 'Schedule', '2019-04-12 15:59:51', '2019-04-12 15:59:51'),
(2, 3, '2019-04-12 16:28:32', 1, 1, 'Tech Round', 'Telephonic', 'Done', '2019-04-12 16:29:08', '2019-04-12 16:29:08');

-- --------------------------------------------------------

--
-- Table structure for table `interview_ratings`
--

CREATE TABLE `interview_ratings` (
  `id` int(11) NOT NULL,
  `interview_id` int(11) NOT NULL,
  `relevant_education` int(11) DEFAULT NULL,
  `relevant_work_exp` int(11) DEFAULT NULL,
  `tech_skill` int(11) DEFAULT NULL,
  `machine_test` int(11) DEFAULT NULL,
  `communication` int(11) DEFAULT NULL,
  `potential` int(11) DEFAULT NULL,
  `adaptability` int(11) DEFAULT NULL,
  `attitude` int(11) DEFAULT NULL,
  `leadership` int(11) DEFAULT NULL,
  `stress_tolerance` int(11) DEFAULT NULL,
  `neatly_groomed` int(11) DEFAULT NULL,
  `integrity` int(11) DEFAULT NULL,
  `stability` int(11) DEFAULT NULL,
  `overall_rating` int(11) DEFAULT NULL,
  `overall_rating_auto` int(11) DEFAULT NULL,
  `remarks` text COLLATE utf8_bin,
  `createdAt` datetime NOT NULL,
  `updatedAt` datetime NOT NULL
) ENGINE=InnoDB DEFAULT CHARSET=utf8 COLLATE=utf8_bin;

-- --------------------------------------------------------

--
-- Table structure for table `job_openings`
--

CREATE TABLE `job_openings` (
  `id` int(11) NOT NULL,
  `title` varchar(50) COLLATE utf8_bin DEFAULT NULL,
  `type` varchar(50) COLLATE utf8_bin DEFAULT NULL,
  `description` text COLLATE utf8_bin,
  `opening_date` date DEFAULT NULL,
  `no_of_position` int(11) DEFAULT NULL,
  `experience` int(11) DEFAULT NULL,
  `department_id` int(11) DEFAULT NULL,
  `job_opening_by` int(11) DEFAULT NULL,
  `location_id` int(11) DEFAULT NULL,
  `job_status` varchar(100) COLLATE utf8_bin DEFAULT NULL,
  `status` tinyint(1) NOT NULL DEFAULT '0',
  `createdAt` datetime NOT NULL,
  `updatedAt` datetime NOT NULL
) ENGINE=InnoDB DEFAULT CHARSET=utf8 COLLATE=utf8_bin;

--
-- Dumping data for table `job_openings`
--

INSERT INTO `job_openings` (`id`, `title`, `type`, `description`, `opening_date`, `no_of_position`, `experience`, `department_id`, `job_opening_by`, `location_id`, `job_status`, `status`, `createdAt`, `updatedAt`) VALUES
(4, 'PHP', 'Temporary', 'werfsdgdfhgfh', '2019-03-16', 3, 4, 7, 1, 4, 'In-progress', 0, '2019-03-16 14:24:22', '2019-03-29 16:36:41'),
(5, 'node', 'Part Time', 'sdfgdg', '2019-04-02', 3, 2, 7, 1, 1, 'In-progress', 0, '2019-04-02 16:36:05', '2019-04-02 16:36:05'),
(6, '543524', 'Full Time', '123423534', '2019-04-05', 3, 3, 7, 1, 1, 'In-progress', 0, '2019-04-05 10:02:06', '2019-04-05 10:02:06');

-- --------------------------------------------------------

--
-- Table structure for table `job_publishes`
--

CREATE TABLE `job_publishes` (
  `id` int(11) NOT NULL,
  `job_id` int(11) NOT NULL,
  `consultant_id` int(11) NOT NULL,
  `job_published_by` int(11) NOT NULL,
  `job_publish_date` datetime NOT NULL,
  `message` text COLLATE utf8_bin,
  `createdAt` datetime NOT NULL,
  `updatedAt` datetime NOT NULL
) ENGINE=InnoDB DEFAULT CHARSET=utf8 COLLATE=utf8_bin;

--
-- Dumping data for table `job_publishes`
--

INSERT INTO `job_publishes` (`id`, `job_id`, `consultant_id`, `job_published_by`, `job_publish_date`, `message`, `createdAt`, `updatedAt`) VALUES
(91, 4, 1, 1, '2019-03-25 00:00:00', 'wsegtdtrfuhfyg', '2019-03-25 17:37:11', '2019-03-25 17:37:11'),
(92, 4, 1, 1, '2019-03-25 00:00:00', 'wsegtdtrfuhfyg', '2019-03-25 17:37:32', '2019-03-25 17:37:32'),
(94, 4, 1, 1, '2019-03-27 00:00:00', 'sfsdg', '2019-03-27 11:36:58', '2019-03-27 11:36:58');

-- --------------------------------------------------------

--
-- Table structure for table `leavegrant_employees`
--

CREATE TABLE `leavegrant_employees` (
  `id` int(11) NOT NULL,
  `leavegrant_id` int(11) NOT NULL,
  `employee_id` int(11) NOT NULL,
  `createdAt` datetime NOT NULL,
  `updatedAt` datetime NOT NULL
) ENGINE=InnoDB DEFAULT CHARSET=utf8 COLLATE=utf8_bin;

--
-- Dumping data for table `leavegrant_employees`
--

INSERT INTO `leavegrant_employees` (`id`, `leavegrant_id`, `employee_id`, `createdAt`, `updatedAt`) VALUES
(376, 15, 1, '2019-03-02 12:10:07', '2019-03-02 12:10:07'),
(377, 15, 2, '2019-03-02 12:10:08', '2019-03-02 12:10:08'),
(378, 15, 5, '2019-03-02 12:10:08', '2019-03-02 12:10:08'),
(379, 15, 6, '2019-03-02 12:10:08', '2019-03-02 12:10:08'),
(380, 15, 13, '2019-03-02 12:10:08', '2019-03-02 12:10:08'),
(381, 15, 18, '2019-03-02 12:10:08', '2019-03-02 12:10:08'),
(382, 15, 19, '2019-03-02 12:10:08', '2019-03-02 12:10:08'),
(383, 15, 20, '2019-03-02 12:10:08', '2019-03-02 12:10:08'),
(384, 15, 21, '2019-03-02 12:10:08', '2019-03-02 12:10:08'),
(385, 15, 22, '2019-03-02 12:10:08', '2019-03-02 12:10:08'),
(386, 15, 23, '2019-03-02 12:10:08', '2019-03-02 12:10:08'),
(387, 15, 24, '2019-03-02 12:10:08', '2019-03-02 12:10:08'),
(388, 15, 25, '2019-03-02 12:10:08', '2019-03-02 12:10:08'),
(389, 15, 26, '2019-03-02 12:10:09', '2019-03-02 12:10:09'),
(390, 15, 27, '2019-03-02 12:10:09', '2019-03-02 12:10:09'),
(391, 15, 28, '2019-03-02 12:10:09', '2019-03-02 12:10:09'),
(392, 15, 29, '2019-03-02 12:10:09', '2019-03-02 12:10:09'),
(393, 15, 30, '2019-03-02 12:10:09', '2019-03-02 12:10:09'),
(394, 15, 31, '2019-03-02 12:10:09', '2019-03-02 12:10:09'),
(395, 15, 32, '2019-03-02 12:10:09', '2019-03-02 12:10:09'),
(396, 15, 33, '2019-03-02 12:10:09', '2019-03-02 12:10:09'),
(397, 15, 34, '2019-03-02 12:10:09', '2019-03-02 12:10:09'),
(398, 15, 35, '2019-03-02 12:10:09', '2019-03-02 12:10:09'),
(399, 15, 36, '2019-03-02 12:10:09', '2019-03-02 12:10:09'),
(400, 15, 37, '2019-03-02 12:10:09', '2019-03-02 12:10:09'),
(401, 15, 38, '2019-03-02 12:10:09', '2019-03-02 12:10:09'),
(402, 15, 39, '2019-03-02 12:10:09', '2019-03-02 12:10:09'),
(403, 15, 40, '2019-03-02 12:10:10', '2019-03-02 12:10:10'),
(404, 15, 43, '2019-03-02 12:10:10', '2019-03-02 12:10:10'),
(405, 16, 1, '2019-03-02 12:10:13', '2019-03-02 12:10:13'),
(406, 16, 2, '2019-03-02 12:10:13', '2019-03-02 12:10:13'),
(407, 16, 5, '2019-03-02 12:10:13', '2019-03-02 12:10:13'),
(408, 16, 6, '2019-03-02 12:10:14', '2019-03-02 12:10:14'),
(409, 16, 13, '2019-03-02 12:10:14', '2019-03-02 12:10:14'),
(410, 16, 18, '2019-03-02 12:10:14', '2019-03-02 12:10:14'),
(411, 16, 19, '2019-03-02 12:10:14', '2019-03-02 12:10:14'),
(412, 16, 20, '2019-03-02 12:10:14', '2019-03-02 12:10:14'),
(413, 16, 21, '2019-03-02 12:10:14', '2019-03-02 12:10:14'),
(414, 16, 22, '2019-03-02 12:10:14', '2019-03-02 12:10:14'),
(415, 16, 23, '2019-03-02 12:10:14', '2019-03-02 12:10:14'),
(416, 16, 24, '2019-03-02 12:10:14', '2019-03-02 12:10:14'),
(417, 16, 25, '2019-03-02 12:10:14', '2019-03-02 12:10:14'),
(418, 16, 26, '2019-03-02 12:10:14', '2019-03-02 12:10:14'),
(419, 16, 27, '2019-03-02 12:10:14', '2019-03-02 12:10:14'),
(420, 16, 28, '2019-03-02 12:10:14', '2019-03-02 12:10:14'),
(421, 16, 29, '2019-03-02 12:10:14', '2019-03-02 12:10:14'),
(422, 16, 30, '2019-03-02 12:10:15', '2019-03-02 12:10:15'),
(423, 16, 31, '2019-03-02 12:10:15', '2019-03-02 12:10:15'),
(424, 16, 32, '2019-03-02 12:10:15', '2019-03-02 12:10:15'),
(425, 16, 33, '2019-03-02 12:10:15', '2019-03-02 12:10:15'),
(426, 16, 34, '2019-03-02 12:10:15', '2019-03-02 12:10:15'),
(427, 16, 35, '2019-03-02 12:10:15', '2019-03-02 12:10:15'),
(428, 16, 36, '2019-03-02 12:10:15', '2019-03-02 12:10:15'),
(429, 16, 37, '2019-03-02 12:10:15', '2019-03-02 12:10:15'),
(430, 16, 38, '2019-03-02 12:10:15', '2019-03-02 12:10:15'),
(431, 16, 39, '2019-03-02 12:10:15', '2019-03-02 12:10:15'),
(432, 16, 40, '2019-03-02 12:10:15', '2019-03-02 12:10:15'),
(433, 16, 43, '2019-03-02 12:10:15', '2019-03-02 12:10:15'),
(434, 17, 1, '2019-03-02 12:10:19', '2019-03-02 12:10:19'),
(435, 17, 2, '2019-03-02 12:10:19', '2019-03-02 12:10:19'),
(436, 17, 5, '2019-03-02 12:10:19', '2019-03-02 12:10:19'),
(437, 17, 6, '2019-03-02 12:10:19', '2019-03-02 12:10:19'),
(438, 17, 13, '2019-03-02 12:10:19', '2019-03-02 12:10:19'),
(439, 17, 18, '2019-03-02 12:10:19', '2019-03-02 12:10:19'),
(440, 17, 19, '2019-03-02 12:10:19', '2019-03-02 12:10:19'),
(441, 17, 20, '2019-03-02 12:10:20', '2019-03-02 12:10:20'),
(442, 17, 21, '2019-03-02 12:10:20', '2019-03-02 12:10:20'),
(443, 17, 22, '2019-03-02 12:10:20', '2019-03-02 12:10:20'),
(444, 17, 23, '2019-03-02 12:10:20', '2019-03-02 12:10:20'),
(445, 17, 24, '2019-03-02 12:10:20', '2019-03-02 12:10:20'),
(446, 17, 25, '2019-03-02 12:10:20', '2019-03-02 12:10:20'),
(447, 17, 26, '2019-03-02 12:10:20', '2019-03-02 12:10:20'),
(448, 17, 27, '2019-03-02 12:10:20', '2019-03-02 12:10:20'),
(449, 17, 28, '2019-03-02 12:10:20', '2019-03-02 12:10:20'),
(450, 17, 29, '2019-03-02 12:10:20', '2019-03-02 12:10:20'),
(451, 17, 30, '2019-03-02 12:10:20', '2019-03-02 12:10:20'),
(452, 17, 31, '2019-03-02 12:10:20', '2019-03-02 12:10:20'),
(453, 17, 32, '2019-03-02 12:10:20', '2019-03-02 12:10:20'),
(454, 17, 33, '2019-03-02 12:10:20', '2019-03-02 12:10:20'),
(455, 17, 34, '2019-03-02 12:10:21', '2019-03-02 12:10:21'),
(456, 17, 35, '2019-03-02 12:10:21', '2019-03-02 12:10:21'),
(457, 17, 36, '2019-03-02 12:10:21', '2019-03-02 12:10:21'),
(458, 17, 37, '2019-03-02 12:10:21', '2019-03-02 12:10:21'),
(459, 17, 38, '2019-03-02 12:10:21', '2019-03-02 12:10:21'),
(460, 17, 39, '2019-03-02 12:10:21', '2019-03-02 12:10:21'),
(461, 17, 40, '2019-03-02 12:10:21', '2019-03-02 12:10:21'),
(462, 17, 43, '2019-03-02 12:10:21', '2019-03-02 12:10:21'),
(521, 20, 1, '2019-03-08 17:06:33', '2019-03-08 17:06:33'),
(522, 20, 2, '2019-03-08 17:06:33', '2019-03-08 17:06:33'),
(523, 20, 5, '2019-03-08 17:06:33', '2019-03-08 17:06:33'),
(524, 20, 6, '2019-03-08 17:06:33', '2019-03-08 17:06:33'),
(525, 20, 13, '2019-03-08 17:06:33', '2019-03-08 17:06:33'),
(526, 20, 18, '2019-03-08 17:06:33', '2019-03-08 17:06:33'),
(527, 20, 19, '2019-03-08 17:06:33', '2019-03-08 17:06:33'),
(528, 20, 20, '2019-03-08 17:06:33', '2019-03-08 17:06:33'),
(529, 20, 21, '2019-03-08 17:06:34', '2019-03-08 17:06:34'),
(530, 20, 22, '2019-03-08 17:06:34', '2019-03-08 17:06:34'),
(531, 20, 23, '2019-03-08 17:06:34', '2019-03-08 17:06:34'),
(532, 20, 24, '2019-03-08 17:06:34', '2019-03-08 17:06:34'),
(533, 20, 25, '2019-03-08 17:06:34', '2019-03-08 17:06:34'),
(535, 20, 27, '2019-03-08 17:06:34', '2019-03-08 17:06:34'),
(536, 20, 28, '2019-03-08 17:06:34', '2019-03-08 17:06:34'),
(537, 20, 29, '2019-03-08 17:06:34', '2019-03-08 17:06:34'),
(538, 20, 30, '2019-03-08 17:06:34', '2019-03-08 17:06:34'),
(539, 20, 31, '2019-03-08 17:06:34', '2019-03-08 17:06:34'),
(540, 20, 32, '2019-03-08 17:06:34', '2019-03-08 17:06:34'),
(541, 20, 33, '2019-03-08 17:06:35', '2019-03-08 17:06:35'),
(542, 20, 34, '2019-03-08 17:06:35', '2019-03-08 17:06:35'),
(543, 20, 35, '2019-03-08 17:06:35', '2019-03-08 17:06:35'),
(544, 20, 36, '2019-03-08 17:06:35', '2019-03-08 17:06:35'),
(545, 20, 37, '2019-03-08 17:06:35', '2019-03-08 17:06:35'),
(546, 20, 38, '2019-03-08 17:06:35', '2019-03-08 17:06:35'),
(547, 20, 39, '2019-03-08 17:06:35', '2019-03-08 17:06:35'),
(548, 20, 40, '2019-03-08 17:06:35', '2019-03-08 17:06:35'),
(549, 20, 43, '2019-03-08 17:06:35', '2019-03-08 17:06:35'),
(550, 20, 26, '2019-03-08 17:07:37', '2019-03-08 17:07:37');

-- --------------------------------------------------------

--
-- Table structure for table `leave_applications`
--

CREATE TABLE `leave_applications` (
  `id` int(11) NOT NULL,
  `employee_id` int(11) NOT NULL,
  `employee_leave_id` int(11) NOT NULL,
  `apply_date` date NOT NULL,
  `apply_to` int(11) NOT NULL,
  `leave_type_id` int(11) NOT NULL,
  `emergency_address` text COLLATE utf8_bin,
  `leave_from` date NOT NULL,
  `leave_to` date NOT NULL,
  `total_leave_days` decimal(10,2) NOT NULL,
  `reason` text COLLATE utf8_bin,
  `remarks` text COLLATE utf8_bin,
  `is_approved` tinyint(1) NOT NULL DEFAULT '0',
  `is_cancelled` tinyint(1) NOT NULL DEFAULT '0',
  `is_rejected` tinyint(1) NOT NULL DEFAULT '0',
  `is_withdraw` tinyint(1) NOT NULL DEFAULT '0',
  `cancel_reason` text COLLATE utf8_bin,
  `approved_by` int(11) DEFAULT NULL,
  `edited_by` int(11) DEFAULT NULL,
  `status` tinyint(1) NOT NULL DEFAULT '1',
  `createdAt` datetime NOT NULL,
  `updatedAt` datetime NOT NULL
) ENGINE=InnoDB DEFAULT CHARSET=utf8 COLLATE=utf8_bin;

--
-- Dumping data for table `leave_applications`
--

INSERT INTO `leave_applications` (`id`, `employee_id`, `employee_leave_id`, `apply_date`, `apply_to`, `leave_type_id`, `emergency_address`, `leave_from`, `leave_to`, `total_leave_days`, `reason`, `remarks`, `is_approved`, `is_cancelled`, `is_rejected`, `is_withdraw`, `cancel_reason`, `approved_by`, `edited_by`, `status`, `createdAt`, `updatedAt`) VALUES
(11, 43, 87, '2019-03-02', 27, 1, '', '2019-03-02', '2019-03-02', '1.00', 'asdasd', NULL, 0, 1, 0, 0, 'Ok mt ja', NULL, NULL, 0, '2019-03-02 17:20:31', '2019-03-02 17:23:47'),
(12, 27, 73, '2019-03-05', 26, 1, '', '2019-01-05', '2019-01-05', '0.50', 'wsdtgdf', NULL, 1, 0, 0, 0, NULL, NULL, NULL, 1, '2019-03-02 17:33:26', '2019-03-02 17:33:26'),
(13, 27, 73, '2019-03-02', 26, 1, '', '2019-03-02', '2019-03-02', '1.00', 'etdr', NULL, 0, 0, 0, 0, NULL, NULL, NULL, 1, '2019-03-02 17:33:46', '2019-03-02 17:33:46'),
(14, 43, 87, '2019-03-02', 27, 1, '', '2019-03-02', '2019-03-02', '0.50', 'asfsdf', NULL, 0, 1, 0, 0, '', NULL, NULL, 0, '2019-03-02 17:36:30', '2019-03-07 16:21:49'),
(15, 43, 87, '2019-03-07', 27, 1, '', '2019-03-07', '2019-03-08', '2.00', 'i dont know', NULL, 0, 1, 0, 0, 'ur cancel request is approved', NULL, NULL, 0, '2019-03-07 16:26:23', '2019-03-07 16:32:20'),
(16, 43, 87, '2019-03-07', 27, 1, '', '2019-03-07', '2019-03-08', '1.50', 'ghar ja ri hu', 'withdraw kar rhihu', 0, 0, 0, 1, NULL, NULL, NULL, 1, '2019-03-07 16:33:51', '2019-03-07 16:37:34'),
(17, 43, 87, '2019-03-08', 27, 1, '', '2019-03-08', '2019-03-09', '1.50', 'holi leave leni hai', NULL, 1, 0, 0, 0, NULL, NULL, NULL, 1, '2019-03-08 11:26:03', '2019-03-08 11:44:27'),
(18, 43, 87, '2019-03-08', 27, 1, '', '2019-03-11', '2019-03-12', '1.50', 'many reasons', NULL, 1, 0, 0, 0, NULL, NULL, NULL, 1, '2019-03-08 12:06:56', '2019-03-08 12:08:12'),
(19, 43, 87, '2019-03-08', 27, 1, '', '2019-03-06', '2019-03-07', '1.50', 'gafsdgds', NULL, 1, 0, 0, 0, NULL, NULL, NULL, 1, '2019-03-08 12:09:29', '2019-03-08 12:09:50'),
(20, 27, 73, '2019-03-12', 26, 1, '', '2019-03-14', '2019-03-13', '1.50', 'dxfxgf', NULL, 0, 0, 0, 0, NULL, NULL, NULL, 1, '2019-03-12 12:57:32', '2019-03-12 12:57:32'),
(21, 27, 73, '2019-03-12', 26, 1, '', '2019-03-13', '2019-03-12', '1.50', 'ASFsdgd', NULL, 0, 0, 0, 0, NULL, NULL, NULL, 1, '2019-03-12 13:01:33', '2019-03-12 13:01:33');

-- --------------------------------------------------------

--
-- Table structure for table `leave_grants`
--

CREATE TABLE `leave_grants` (
  `id` int(11) NOT NULL,
  `leavescheme_id` int(11) NOT NULL,
  `year` int(11) NOT NULL,
  `month` int(11) NOT NULL,
  `createdAt` datetime NOT NULL,
  `updatedAt` datetime NOT NULL
) ENGINE=InnoDB DEFAULT CHARSET=utf8 COLLATE=utf8_bin;

--
-- Dumping data for table `leave_grants`
--

INSERT INTO `leave_grants` (`id`, `leavescheme_id`, `year`, `month`, `createdAt`, `updatedAt`) VALUES
(15, 66, 2019, 1, '2019-03-02 12:10:07', '2019-03-02 12:10:07'),
(16, 66, 2019, 2, '2019-03-02 12:10:13', '2019-03-02 12:10:13'),
(17, 66, 2019, 3, '2019-03-02 12:10:19', '2019-03-02 12:10:19'),
(20, 66, 2019, 0, '2019-03-08 17:06:33', '2019-03-08 17:06:33');

-- --------------------------------------------------------

--
-- Table structure for table `leave_schemes`
--

CREATE TABLE `leave_schemes` (
  `id` int(11) NOT NULL,
  `name` varchar(200) COLLATE utf8_bin NOT NULL,
  `weekend_policy_id` int(11) NOT NULL,
  `employment_status_id` int(11) DEFAULT NULL,
  `status` tinyint(1) NOT NULL DEFAULT '1',
  `createdAt` datetime NOT NULL,
  `updatedAt` datetime NOT NULL
) ENGINE=InnoDB DEFAULT CHARSET=utf8 COLLATE=utf8_bin;

--
-- Dumping data for table `leave_schemes`
--

INSERT INTO `leave_schemes` (`id`, `name`, `weekend_policy_id`, `employment_status_id`, `status`, `createdAt`, `updatedAt`) VALUES
(66, 'General Scheme', 3, 1, 1, '2019-01-05 14:28:20', '2019-01-05 14:28:20');

-- --------------------------------------------------------

--
-- Table structure for table `leave_scheme_leave_types`
--

CREATE TABLE `leave_scheme_leave_types` (
  `id` int(11) NOT NULL,
  `text` varchar(255) COLLATE utf8_bin DEFAULT NULL,
  `createdAt` datetime NOT NULL,
  `updatedAt` datetime NOT NULL,
  `leave_schemes_id` int(11) DEFAULT NULL,
  `leave_type_id` int(11) DEFAULT NULL
) ENGINE=InnoDB DEFAULT CHARSET=utf8 COLLATE=utf8_bin;

--
-- Dumping data for table `leave_scheme_leave_types`
--

INSERT INTO `leave_scheme_leave_types` (`id`, `text`, `createdAt`, `updatedAt`, `leave_schemes_id`, `leave_type_id`) VALUES
(53, NULL, '2019-01-05 14:28:20', '2019-01-05 14:28:20', 66, 1),
(54, NULL, '2019-01-05 14:29:02', '2019-01-05 14:29:02', 66, 2);

-- --------------------------------------------------------

--
-- Table structure for table `leave_types`
--

CREATE TABLE `leave_types` (
  `id` int(11) NOT NULL,
  `name` varchar(200) COLLATE utf8_bin NOT NULL,
  `allow_emp_to_apply` int(10) DEFAULT NULL,
  `sort_order` int(10) DEFAULT NULL,
  `description` text COLLATE utf8_bin,
  `leave_granting_frequency` varchar(200) COLLATE utf8_bin DEFAULT NULL,
  `max_leave_for_period` int(5) DEFAULT NULL,
  `expires_after_days` int(5) DEFAULT NULL,
  `status` tinyint(1) NOT NULL DEFAULT '1',
  `createdAt` datetime NOT NULL,
  `updatedAt` datetime NOT NULL
) ENGINE=InnoDB DEFAULT CHARSET=utf8 COLLATE=utf8_bin;

--
-- Dumping data for table `leave_types`
--

INSERT INTO `leave_types` (`id`, `name`, `allow_emp_to_apply`, `sort_order`, `description`, `leave_granting_frequency`, `max_leave_for_period`, `expires_after_days`, `status`, `createdAt`, `updatedAt`) VALUES
(1, 'Casual Leave', 1, 6, 'fhtfgyjgyfjk', 'Monthly', 2, 7, 1, '2019-01-03 10:52:14', '2019-01-21 17:06:04'),
(2, 'earnleave', 1, 6, 'earn ', 'Annual', 3, 84, 1, '2019-01-04 16:24:44', '2019-01-04 16:24:44'),
(3, 'weekend', 1, 5, 'sdgfdfg', 'Annual', 3, 84, 1, '2019-01-05 11:44:25', '2019-01-21 17:04:44'),
(8, 'adasfsdf', 1, 234435, 'adsad', 'Monthly', 123, 234, 1, '2019-02-18 14:46:25', '2019-02-18 14:46:25');

-- --------------------------------------------------------

--
-- Table structure for table `locations`
--

CREATE TABLE `locations` (
  `id` int(11) NOT NULL,
  `name` varchar(200) COLLATE utf8_bin NOT NULL,
  `address` text COLLATE utf8_bin,
  `contact` varchar(200) COLLATE utf8_bin DEFAULT NULL,
  `country_id` int(11) DEFAULT NULL,
  `createdAt` datetime NOT NULL,
  `updatedAt` datetime NOT NULL
) ENGINE=InnoDB DEFAULT CHARSET=utf8 COLLATE=utf8_bin;

--
-- Dumping data for table `locations`
--

INSERT INTO `locations` (`id`, `name`, `address`, `contact`, `country_id`, `createdAt`, `updatedAt`) VALUES
(1, 'Noidaa', 'Khora Noida', '7854785445', 1, '2018-10-30 16:11:00', '2018-11-20 12:35:15'),
(4, 'wresr', NULL, NULL, 1, '2019-02-18 15:07:38', '2019-02-18 15:07:38'),
(5, 'wresr', NULL, NULL, 1, '2019-02-18 15:07:48', '2019-02-18 15:07:48'),
(6, 'wresr', NULL, NULL, 1, '2019-02-18 15:12:23', '2019-02-18 15:12:23');

-- --------------------------------------------------------

--
-- Table structure for table `nationalities`
--

CREATE TABLE `nationalities` (
  `id` int(11) NOT NULL,
  `name` varchar(200) COLLATE utf8_bin NOT NULL,
  `status` tinyint(1) NOT NULL DEFAULT '1',
  `createdAt` datetime NOT NULL,
  `updatedAt` datetime NOT NULL
) ENGINE=InnoDB DEFAULT CHARSET=utf8 COLLATE=utf8_bin;

--
-- Dumping data for table `nationalities`
--

INSERT INTO `nationalities` (`id`, `name`, `status`, `createdAt`, `updatedAt`) VALUES
(1, 'Indian', 1, '2018-10-23 12:42:22', '2018-10-23 12:43:08'),
(3, 'indi', 1, '2018-10-23 12:51:39', '2018-10-29 17:18:09'),
(4, 'american', 1, '2018-10-29 17:15:15', '2018-10-29 17:15:15');

-- --------------------------------------------------------

--
-- Table structure for table `organization_trees`
--

CREATE TABLE `organization_trees` (
  `id` int(11) NOT NULL,
  `employee_id` int(11) NOT NULL,
  `manager_employee_id` int(11) NOT NULL,
  `reporting_from` datetime DEFAULT NULL,
  `status` tinyint(1) NOT NULL DEFAULT '1',
  `createdAt` datetime NOT NULL,
  `updatedAt` datetime NOT NULL
) ENGINE=InnoDB DEFAULT CHARSET=utf8 COLLATE=utf8_bin;

--
-- Dumping data for table `organization_trees`
--

INSERT INTO `organization_trees` (`id`, `employee_id`, `manager_employee_id`, `reporting_from`, `status`, `createdAt`, `updatedAt`) VALUES
(1, 1, 1, '2018-12-12 05:30:00', 1, '2018-10-30 13:09:03', '2018-10-30 13:09:03'),
(11, 18, 2, '2018-10-12 05:30:00', 1, '2018-10-31 16:20:42', '2018-10-31 16:20:42'),
(12, 19, 2, '2018-10-12 05:30:00', 1, '2018-10-31 16:23:38', '2018-10-31 16:23:38'),
(14, 39, 35, '2018-12-12 05:30:00', 1, '2019-01-08 15:12:51', '2019-01-08 15:12:51'),
(15, 27, 26, '2019-01-30 00:00:00', 1, '2019-01-30 00:00:00', '2019-01-30 00:00:00'),
(16, 42, 27, '2018-12-12 05:30:00', 1, '2019-02-21 11:17:26', '2019-02-21 11:17:26'),
(17, 43, 27, '2018-12-12 05:30:00', 1, '2019-03-01 16:13:18', '2019-03-01 16:13:18');

-- --------------------------------------------------------

--
-- Table structure for table `participants`
--

CREATE TABLE `participants` (
  `id` int(11) NOT NULL,
  `training_id` int(11) DEFAULT NULL,
  `employee_id` int(11) DEFAULT NULL,
  `createdAt` datetime NOT NULL,
  `updatedAt` datetime NOT NULL
) ENGINE=InnoDB DEFAULT CHARSET=utf8 COLLATE=utf8_bin;

--
-- Dumping data for table `participants`
--

INSERT INTO `participants` (`id`, `training_id`, `employee_id`, `createdAt`, `updatedAt`) VALUES
(3, 3, 2, '2019-04-16 15:44:30', '2019-04-16 17:16:40'),
(4, 3, 5, '2019-04-16 15:45:48', '2019-04-16 15:45:48');

-- --------------------------------------------------------

--
-- Table structure for table `policy_guidelines`
--

CREATE TABLE `policy_guidelines` (
  `id` int(11) NOT NULL,
  `name` varchar(200) COLLATE utf8_bin NOT NULL,
  `description` text COLLATE utf8_bin,
  `attachment` text COLLATE utf8_bin NOT NULL,
  `status` tinyint(1) NOT NULL DEFAULT '1',
  `createdAt` datetime NOT NULL,
  `updatedAt` datetime NOT NULL
) ENGINE=InnoDB DEFAULT CHARSET=utf8 COLLATE=utf8_bin;

--
-- Dumping data for table `policy_guidelines`
--

INSERT INTO `policy_guidelines` (`id`, `name`, `description`, `attachment`, `status`, `createdAt`, `updatedAt`) VALUES
(3, 'First File', 'I dont know', 'public\\files\\documents\\1550485718819_ID-Card-Format-2019.docx', 1, '2019-02-18 15:58:38', '2019-02-18 15:58:38');

-- --------------------------------------------------------

--
-- Table structure for table `profile_shared_for_reviews`
--

CREATE TABLE `profile_shared_for_reviews` (
  `id` int(11) NOT NULL,
  `profile_id` int(11) NOT NULL,
  `shared_by` int(11) NOT NULL,
  `review_by` int(11) NOT NULL,
  `shared_date` datetime DEFAULT NULL,
  `review_date` datetime DEFAULT NULL,
  `review_comment` text COLLATE utf8_bin,
  `is_shortlisted` tinyint(1) DEFAULT NULL,
  `createdAt` datetime NOT NULL,
  `updatedAt` datetime NOT NULL
) ENGINE=InnoDB DEFAULT CHARSET=utf8 COLLATE=utf8_bin;

--
-- Dumping data for table `profile_shared_for_reviews`
--

INSERT INTO `profile_shared_for_reviews` (`id`, `profile_id`, `shared_by`, `review_by`, `shared_date`, `review_date`, `review_comment`, `is_shortlisted`, `createdAt`, `updatedAt`) VALUES
(2, 3, 1, 27, '2019-03-30 00:00:00', NULL, NULL, 1, '2019-03-30 15:40:33', '2019-04-15 15:42:18');

-- --------------------------------------------------------

--
-- Table structure for table `recruitment_profiles`
--

CREATE TABLE `recruitment_profiles` (
  `id` int(11) NOT NULL,
  `job_id` int(11) NOT NULL,
  `consultant_id` int(11) NOT NULL,
  `name` varchar(200) COLLATE utf8_bin NOT NULL,
  `current_company` varchar(200) COLLATE utf8_bin DEFAULT NULL,
  `total_experience` decimal(10,2) DEFAULT NULL,
  `current_salary` decimal(10,2) DEFAULT NULL,
  `expected_salary` decimal(10,2) DEFAULT NULL,
  `contact` varchar(255) COLLATE utf8_bin NOT NULL,
  `email` varchar(128) COLLATE utf8_bin NOT NULL,
  `resume` varchar(200) COLLATE utf8_bin NOT NULL,
  `is_hired` tinyint(1) DEFAULT '0',
  `comments` text COLLATE utf8_bin,
  `createdAt` datetime NOT NULL,
  `updatedAt` datetime NOT NULL
) ENGINE=InnoDB DEFAULT CHARSET=utf8 COLLATE=utf8_bin;

--
-- Dumping data for table `recruitment_profiles`
--

INSERT INTO `recruitment_profiles` (`id`, `job_id`, `consultant_id`, `name`, `current_company`, `total_experience`, `current_salary`, `expected_salary`, `contact`, `email`, `resume`, `is_hired`, `comments`, `createdAt`, `updatedAt`) VALUES
(3, 4, 1, 'Indu Singh', 'Spaak SuperTec', '4.30', '330000.00', '500000.00', '2147483647', 'deep@gmail.com', 'public\\files\\recruitment-profiles\\Deepak Singh-1553579778960.docx', 1, 'No', '2019-03-26 11:26:18', '2019-03-26 11:26:18'),
(4, 5, 10, 'geet', 'spaaak', '4.00', '3534543.00', '24235345.00', '2345364567', 'geet@gmail.com', 'blic\\files\\recruitment-profiles\\geet-1554551193028.docx', 1, 'good', '2019-04-06 17:16:33', '2019-04-06 17:16:33');

-- --------------------------------------------------------

--
-- Table structure for table `religions`
--

CREATE TABLE `religions` (
  `id` int(11) NOT NULL,
  `name` varchar(200) COLLATE utf8_bin DEFAULT NULL,
  `status` tinyint(1) NOT NULL DEFAULT '1',
  `createdAt` datetime NOT NULL,
  `updatedAt` datetime NOT NULL
) ENGINE=InnoDB DEFAULT CHARSET=utf8 COLLATE=utf8_bin;

--
-- Dumping data for table `religions`
--

INSERT INTO `religions` (`id`, `name`, `status`, `createdAt`, `updatedAt`) VALUES
(1, 'Hindu', 1, '2018-10-23 10:06:50', '2018-10-23 10:09:29'),
(2, 'Panjabi', 1, '2018-10-23 10:10:44', '2018-10-23 10:10:44');

-- --------------------------------------------------------

--
-- Table structure for table `roles`
--

CREATE TABLE `roles` (
  `id` int(11) NOT NULL,
  `name` varchar(100) COLLATE utf8_bin NOT NULL,
  `status` tinyint(1) NOT NULL DEFAULT '1',
  `createdAt` datetime NOT NULL,
  `updatedAt` datetime NOT NULL
) ENGINE=InnoDB DEFAULT CHARSET=utf8 COLLATE=utf8_bin;

--
-- Dumping data for table `roles`
--

INSERT INTO `roles` (`id`, `name`, `status`, `createdAt`, `updatedAt`) VALUES
(1, 'guest', 1, '2018-10-20 14:55:10', '2018-10-20 14:55:10'),
(2, 'user', 1, '2018-10-20 14:55:10', '2018-10-20 14:55:10'),
(4, 'admin', 1, '2018-10-20 14:55:10', '2018-10-20 14:55:10');

-- --------------------------------------------------------

--
-- Table structure for table `schemes`
--

CREATE TABLE `schemes` (
  `id` int(11) NOT NULL,
  `name` varchar(200) COLLATE utf8_bin NOT NULL,
  `status` tinyint(1) NOT NULL DEFAULT '1',
  `createdAt` datetime NOT NULL,
  `updatedAt` datetime NOT NULL
) ENGINE=InnoDB DEFAULT CHARSET=utf8 COLLATE=utf8_bin;

--
-- Dumping data for table `schemes`
--

INSERT INTO `schemes` (`id`, `name`, `status`, `createdAt`, `updatedAt`) VALUES
(1, 'JLG', 1, '2018-11-20 11:22:20', '2018-11-20 14:16:21'),
(6, 'testt', 1, '2018-11-20 14:40:07', '2018-11-20 14:40:10');

-- --------------------------------------------------------

--
-- Table structure for table `sequelizemeta`
--

CREATE TABLE `sequelizemeta` (
  `name` varchar(255) COLLATE utf8_unicode_ci NOT NULL
) ENGINE=InnoDB DEFAULT CHARSET=utf8 COLLATE=utf8_unicode_ci;

--
-- Dumping data for table `sequelizemeta`
--

INSERT INTO `sequelizemeta` (`name`) VALUES
('20180901103522-create-religion.js'),
('20181020091824-create-roles.js'),
('20181022063438-create-users.js'),
('20181022112323-create-department.js'),
('20181023044721-create-country.js'),
('20181023051446-create-designation.js'),
('20181023070511-create-nationality.js'),
('20181023071558-create-grade.js'),
('20181023092124-create-shift.js'),
('20181023100117-create-leave-type.js'),
('20181024044948-create-bank.js'),
('20181024052348-create-state.js'),
('20181024060013-create-employment-status.js'),
('20181024071552-create-employee.js'),
('20181024104750-create-employee-access-card.js'),
('20181024115030-create-employee-address.js'),
('20181025051307-create-asset.js'),
('20181025060740-create-employee-asset.js'),
('20181025071737-create-employee-attendance.js'),
('20181025073722-create-employee-background.js'),
('20181025084548-create-employee-bank.js'),
('20181025092002-create-employee-document.js'),
('20181025110205-create-employee-family.js'),
('20181026044628-create-employee-generated-letter.js'),
('20181026044847-create-employee-idenity.js'),
('20181026045130-create-employee-nominee.js'),
('20181026045307-create-employee-pf.js'),
('20181026045352-create-employee-position.js'),
('20181026045437-create-employee-prev-employment.js'),
('20181026045505-create-employee-probation.js'),
('20181026045539-create-employee-qualification.js'),
('20181026045607-create-employee-resignation.js'),
('20181029050237-create-weekend-policy.js'),
('20181029071615-create-shift-rotation-policy.js'),
('20181029091507-create-shift-rotation.js'),
('20181029100445-create-organization-tree.js'),
('20181029121350-create-attendance-scheme.js'),
('20181030102423-create-location.js'),
('20181030122430-create-bulletin.js'),
('20181031045044-create-holiday-list.js'),
('20181031051537-create-hr-form.js'),
('20181031055218-create-leave-schemes.js'),
('20181120052513-create-scheme.js'),
('20181120070806-add-schemeid-to-employee_position.js'),
('20181121072445-create-leave-scheme-leave-type.js'),
('20181122045410-create-leave-application.js'),
('20190104061403-create-employee-leave.js'),
('20190104121806-create-leave-grant.js'),
('20190104121909-create-leavegrant-employee.js'),
('20190206073049-create-attendance-regularization.js'),
('20190218094459-create-policy-guideline.js'),
('20190219094851-addColumnEmployee.js'),
('20190219100629-addColumnDeviceTypeEmployee.js'),
('20190219101059-addColumnMobile.js'),
('20190219103641-create-employeegps-tracking.js'),
('20190228064314-create-job-opening.js'),
('20190228065556-create-consultant.js'),
('20190228070315-create-job-publish.js'),
('20190228102535-create-recruitment-profile.js'),
('20190312112813-create-profile-shared-for-review.js'),
('20190316092338-create-interview.js'),
('20190316102803-create-interview-rating.js'),
('20190328072154-create-training-vendor.js');

-- --------------------------------------------------------

--
-- Table structure for table `shifts`
--

CREATE TABLE `shifts` (
  `id` int(11) NOT NULL,
  `name` varchar(200) COLLATE utf8_bin NOT NULL,
  `start_time` varchar(200) COLLATE utf8_bin NOT NULL,
  `end_time` varchar(200) COLLATE utf8_bin NOT NULL,
  `status` tinyint(1) NOT NULL DEFAULT '1',
  `createdAt` datetime NOT NULL,
  `updatedAt` datetime NOT NULL
) ENGINE=InnoDB DEFAULT CHARSET=utf8 COLLATE=utf8_bin;

--
-- Dumping data for table `shifts`
--

INSERT INTO `shifts` (`id`, `name`, `start_time`, `end_time`, `status`, `createdAt`, `updatedAt`) VALUES
(1, 'General Shift', '9:30', '18:00', 1, '2018-10-23 15:08:28', '2018-10-23 15:09:53'),
(2, 'night shift', '18:00', '6:00', 1, '2018-10-29 17:26:07', '2018-10-29 17:27:30'),
(3, 'weekend', '01:00', '14:01', 1, '2019-02-12 17:33:13', '2019-02-12 17:33:13'),
(4, 'gfdhsgd', '02:00', '19:01', 1, '2019-02-13 10:56:49', '2019-02-13 10:56:49');

-- --------------------------------------------------------

--
-- Table structure for table `shift_rotations`
--

CREATE TABLE `shift_rotations` (
  `id` int(11) NOT NULL,
  `text` varchar(200) COLLATE utf8_bin NOT NULL,
  `createdAt` datetime NOT NULL,
  `updatedAt` datetime NOT NULL,
  `shift_id` int(11) DEFAULT NULL,
  `shift_rotation_policy_id` int(11) DEFAULT NULL
) ENGINE=InnoDB DEFAULT CHARSET=utf8 COLLATE=utf8_bin;

-- --------------------------------------------------------

--
-- Table structure for table `shift_rotation_policies`
--

CREATE TABLE `shift_rotation_policies` (
  `id` int(11) NOT NULL,
  `name` varchar(200) COLLATE utf8_bin NOT NULL,
  `frequency` int(4) NOT NULL,
  `status` tinyint(1) NOT NULL DEFAULT '1',
  `createdAt` datetime NOT NULL,
  `updatedAt` datetime NOT NULL
) ENGINE=InnoDB DEFAULT CHARSET=utf8 COLLATE=utf8_bin;

--
-- Dumping data for table `shift_rotation_policies`
--

INSERT INTO `shift_rotation_policies` (`id`, `name`, `frequency`, `status`, `createdAt`, `updatedAt`) VALUES
(1, 'General Policy', 45, 1, '2018-10-29 12:57:27', '2018-10-30 10:55:40'),
(2, 'weekend', 4, 1, '2019-02-21 11:37:45', '2019-02-21 11:37:45'),
(3, 'sgfdg', 3, 1, '2019-02-21 11:38:30', '2019-02-21 11:38:30'),
(4, 'fgdfgdhg', 0, 1, '2019-02-21 11:39:15', '2019-02-21 11:39:15'),
(5, 'weekend', 0, 1, '2019-02-21 11:40:21', '2019-02-21 11:40:21'),
(6, 'sdfdg', 1, 1, '2019-02-21 11:41:03', '2019-02-21 11:41:03'),
(7, 'sdfdg', 2, 1, '2019-02-21 11:42:27', '2019-02-21 11:42:27'),
(8, 'sdfdg', 1, 1, '2019-02-21 13:10:45', '2019-02-21 13:10:45'),
(9, 'weekend', 0, 1, '2019-02-21 13:10:56', '2019-02-21 13:10:56'),
(10, 'sdfdg', 0, 1, '2019-02-21 13:11:14', '2019-02-21 13:11:14');

-- --------------------------------------------------------

--
-- Table structure for table `states`
--

CREATE TABLE `states` (
  `id` int(11) NOT NULL,
  `country_id` int(11) NOT NULL DEFAULT '1',
  `name` varchar(200) COLLATE utf8_bin NOT NULL,
  `status` tinyint(1) NOT NULL DEFAULT '1',
  `createdAt` datetime NOT NULL DEFAULT CURRENT_TIMESTAMP,
  `updatedAt` datetime NOT NULL DEFAULT CURRENT_TIMESTAMP
) ENGINE=InnoDB DEFAULT CHARSET=utf8 COLLATE=utf8_bin;

--
-- Dumping data for table `states`
--

INSERT INTO `states` (`id`, `country_id`, `name`, `status`, `createdAt`, `updatedAt`) VALUES
(1, 1, 'ANDAMAN AND NICOBAR ISLANDS', 1, '2018-11-26 15:23:52', '2018-11-26 15:23:52'),
(2, 1, 'ANDHRA PRADESH', 1, '2018-11-26 15:23:52', '2018-11-26 15:23:52'),
(7, 1, 'CHANDIGARH', 1, '2018-11-26 15:23:52', '2018-11-26 15:23:52'),
(17, 1, 'KERALA', 1, '2018-11-26 15:23:52', '2018-11-26 15:23:52');

-- --------------------------------------------------------

--
-- Table structure for table `trainers_externals`
--

CREATE TABLE `trainers_externals` (
  `id` int(11) NOT NULL,
  `text` text COLLATE utf8_bin,
  `training_id` int(11) NOT NULL,
  `vaendor_personnel_id` int(11) NOT NULL,
  `createdAt` datetime NOT NULL,
  `updatedAt` datetime NOT NULL
) ENGINE=InnoDB DEFAULT CHARSET=utf8 COLLATE=utf8_bin;

-- --------------------------------------------------------

--
-- Table structure for table `trainers_internals`
--

CREATE TABLE `trainers_internals` (
  `id` int(11) NOT NULL,
  `text` text COLLATE utf8_bin,
  `training_id` int(11) NOT NULL,
  `trainer_id` int(11) NOT NULL,
  `createdAt` datetime NOT NULL,
  `updatedAt` datetime NOT NULL
) ENGINE=InnoDB DEFAULT CHARSET=utf8 COLLATE=utf8_bin;

--
-- Dumping data for table `trainers_internals`
--

INSERT INTO `trainers_internals` (`id`, `text`, `training_id`, `trainer_id`, `createdAt`, `updatedAt`) VALUES
(2, NULL, 3, 2, '2019-04-16 15:40:22', '2019-04-16 15:40:22'),
(3, NULL, 4, 5, '2019-04-16 17:23:47', '2019-04-16 17:23:47');

-- --------------------------------------------------------

--
-- Table structure for table `trainings`
--

CREATE TABLE `trainings` (
  `id` int(11) NOT NULL,
  `name` varchar(200) COLLATE utf8_bin NOT NULL,
  `description` text COLLATE utf8_bin,
  `course_id` int(11) NOT NULL,
  `start_date` datetime NOT NULL,
  `end_date` datetime NOT NULL,
  `no_of_days` int(11) DEFAULT NULL,
  `training_provider` varchar(100) COLLATE utf8_bin NOT NULL,
  `delivery_location` varchar(200) COLLATE utf8_bin DEFAULT NULL,
  `delivery_method` varchar(200) COLLATE utf8_bin DEFAULT NULL,
  `training_cost` int(11) DEFAULT NULL,
  `status` varchar(200) COLLATE utf8_bin DEFAULT NULL,
  `is_active` tinyint(1) NOT NULL DEFAULT '1',
  `createdAt` datetime NOT NULL,
  `updatedAt` datetime NOT NULL,
  `training_id` int(11) DEFAULT NULL
) ENGINE=InnoDB DEFAULT CHARSET=utf8 COLLATE=utf8_bin;

--
-- Dumping data for table `trainings`
--

INSERT INTO `trainings` (`id`, `name`, `description`, `course_id`, `start_date`, `end_date`, `no_of_days`, `training_provider`, `delivery_location`, `delivery_method`, `training_cost`, `status`, `is_active`, `createdAt`, `updatedAt`, `training_id`) VALUES
(3, 'java', 'good', 5, '2019-04-16 05:30:00', '2019-04-25 05:30:00', 4, 'INTERNAL', 'noida', 'Self Study', 1234324, 'SCHEDULED', 1, '2019-04-16 15:40:22', '2019-04-16 15:40:22', NULL),
(4, 'angular', 'nice', 5, '2019-04-16 05:30:00', '2019-04-30 05:30:00', 5, 'INTERNAL', 'bangalore', 'WebEx', 30000, 'COMPLETED', 1, '2019-04-16 17:23:47', '2019-04-16 17:23:47', NULL);

-- --------------------------------------------------------

--
-- Table structure for table `training_courses`
--

CREATE TABLE `training_courses` (
  `id` int(11) NOT NULL,
  `name` varchar(200) COLLATE utf8_bin NOT NULL,
  `description` text COLLATE utf8_bin,
  `remarks` text COLLATE utf8_bin,
  `status` tinyint(1) NOT NULL DEFAULT '0',
  `createdAt` datetime NOT NULL,
  `updatedAt` datetime NOT NULL
) ENGINE=InnoDB DEFAULT CHARSET=utf8 COLLATE=utf8_bin;

--
-- Dumping data for table `training_courses`
--

INSERT INTO `training_courses` (`id`, `name`, `description`, `remarks`, `status`, `createdAt`, `updatedAt`) VALUES
(5, 'angular', 'good', 'nice', 1, '2019-04-16 15:23:02', '2019-04-16 15:23:05'),
(6, 'web design', 'sfsdfg', 'sdgfd', 0, '2019-04-16 15:54:23', '2019-04-16 15:54:23');

-- --------------------------------------------------------

--
-- Table structure for table `training_feedbacks`
--

CREATE TABLE `training_feedbacks` (
  `id` int(11) NOT NULL,
  `training_id` int(11) NOT NULL,
  `comments` text COLLATE utf8_bin,
  `rating` varchar(255) COLLATE utf8_bin NOT NULL,
  `createdAt` datetime NOT NULL,
  `updatedAt` datetime NOT NULL
) ENGINE=InnoDB DEFAULT CHARSET=utf8 COLLATE=utf8_bin;

--
-- Dumping data for table `training_feedbacks`
--

INSERT INTO `training_feedbacks` (`id`, `training_id`, `comments`, `rating`, `createdAt`, `updatedAt`) VALUES
(3, 3, 'good', 'good', '2019-04-16 15:48:47', '2019-04-16 15:48:47'),
(4, 4, 'nice', 'good', '2019-04-16 17:24:11', '2019-04-16 17:24:11');

-- --------------------------------------------------------

--
-- Table structure for table `training_materials`
--

CREATE TABLE `training_materials` (
  `id` int(11) NOT NULL,
  `name` varchar(200) COLLATE utf8_bin NOT NULL,
  `training_id` int(11) NOT NULL,
  `attachment` varchar(255) COLLATE utf8_bin DEFAULT NULL,
  `status` tinyint(1) NOT NULL DEFAULT '1',
  `createdAt` datetime NOT NULL,
  `updatedAt` datetime NOT NULL
) ENGINE=InnoDB DEFAULT CHARSET=utf8 COLLATE=utf8_bin;

--
-- Dumping data for table `training_materials`
--

INSERT INTO `training_materials` (`id`, `name`, `training_id`, `attachment`, `status`, `createdAt`, `updatedAt`) VALUES
(3, 'php', 3, 'public\\files\\training-materials\\php-1555409466080.xlsx', 1, '2019-04-16 15:41:06', '2019-04-16 15:41:06');

-- --------------------------------------------------------

--
-- Table structure for table `training_vendors`
--

CREATE TABLE `training_vendors` (
  `id` int(11) NOT NULL,
  `name` varchar(200) COLLATE utf8_bin NOT NULL,
  `contact_name` varchar(100) COLLATE utf8_bin DEFAULT NULL,
  `contact_number` varchar(255) COLLATE utf8_bin DEFAULT NULL,
  `address` text COLLATE utf8_bin,
  `remarks` text COLLATE utf8_bin,
  `status` tinyint(1) NOT NULL DEFAULT '1',
  `createdAt` datetime NOT NULL,
  `updatedAt` datetime NOT NULL
) ENGINE=InnoDB DEFAULT CHARSET=utf8 COLLATE=utf8_bin;

--
-- Dumping data for table `training_vendors`
--

INSERT INTO `training_vendors` (`id`, `name`, `contact_name`, `contact_number`, `address`, `remarks`, `status`, `createdAt`, `updatedAt`) VALUES
(7, 'divyanshi', 'divya', '2143254352', 'noida', 'nice', 1, '2019-04-20 11:57:55', '2019-04-20 11:57:55');

-- --------------------------------------------------------

--
-- Table structure for table `users`
--

CREATE TABLE `users` (
  `id` int(11) NOT NULL,
  `role_id` int(11) NOT NULL DEFAULT '2',
  `name` varchar(200) COLLATE utf8_bin NOT NULL,
  `email` varchar(128) COLLATE utf8_bin NOT NULL,
  `password` varchar(255) COLLATE utf8_bin NOT NULL,
  `logdate` datetime DEFAULT NULL,
  `lognum` int(11) DEFAULT NULL,
  `uuid` char(36) COLLATE utf8_bin DEFAULT NULL,
  `is_active` tinyint(1) DEFAULT '1',
  `extra` text COLLATE utf8_bin,
  `rp_token` text COLLATE utf8_bin,
  `rp_token_created_at` datetime DEFAULT NULL,
  `createdAt` datetime NOT NULL,
  `updatedAt` datetime NOT NULL
) ENGINE=InnoDB DEFAULT CHARSET=utf8 COLLATE=utf8_bin;

--
-- Dumping data for table `users`
--

INSERT INTO `users` (`id`, `role_id`, `name`, `email`, `password`, `logdate`, `lognum`, `uuid`, `is_active`, `extra`, `rp_token`, `rp_token_created_at`, `createdAt`, `updatedAt`) VALUES
(1, 4, 'Deepak Rathaur', 'admin@gmail.com', '$2b$10$CvyN8gwNanDCyEmGOVzET.ayKN9RfkMh3xOMAhNSteiFFFFWOGNJe', '2019-04-23 15:26:52', 826, 'e548bf90-d5e4-11e8-8948-51ba64d6fef5', 1, NULL, NULL, NULL, '2018-10-22 15:56:11', '2019-04-23 15:26:52'),
(19, 1, 'User1', 'user1@gmail.com', '$2b$10$TLYgdSQGYMg23tsoCSCp9uTvrgW39Q5VwDjEborpYq8o8ZHANjcrK', NULL, NULL, 'b3807300-dc0f-11e8-824d-91e28c10e094', 1, NULL, NULL, NULL, '2018-10-30 12:17:42', '2018-10-30 12:17:42'),
(20, 1, 'fsdjjk', 'na@g.com', '$2b$10$0oSUq6gqpEOmdOC2/3aWZu9OuxT3Q88zkI9cxOYKYHBH/MJQUnEqO', NULL, NULL, 'a08302e0-dcd7-11e8-b2dc-1f4cd51f1502', 1, NULL, NULL, NULL, '2018-10-31 12:08:50', '2018-10-31 12:08:50'),
(29, 1, 'sdf', 'nfkd@yd.com', '$2b$10$jA4Vuc1xlTJuD1xm2pwmhuKHKwKRbShqiVSZVwWORI1rngoGCO/Iu', NULL, NULL, '58680040-dcf1-11e8-bf70-5d43289b337a', 1, NULL, NULL, NULL, '2018-10-31 15:12:56', '2018-10-31 15:12:56'),
(30, 1, 'fdsf', 'fsdfs@y.com', '$2b$10$aoggEH28QsZ8Ew/JxKl4KOeVewzBGVF8YRyRKkP9CoCTbAJYhWvh.', NULL, NULL, 'caa075b0-dcf2-11e8-bf70-5d43289b337a', 0, NULL, NULL, NULL, '2018-10-31 15:23:17', '2019-04-06 10:56:16'),
(41, 1, 'jkjdfkjjk', 'nk@g.co', '$2b$10$gwo3chN.IcC7j2PWm3nAn.YDYuUYoQAtRrSIbnSMCtlzV052GOJ8u', NULL, NULL, 'a584ced0-dcf6-11e8-a78e-57f72f605ee0', 0, NULL, NULL, NULL, '2018-10-31 15:50:53', '2019-04-06 10:56:14'),
(48, 1, 'nfskf', 'jkdfskjfsdierjkru@fdk.com', '$2b$10$xsbk7m0Jlc26ex6Nd0.uyeVz5iRPkS9HrH4hP4boreDH3Mk.6mQsq', NULL, NULL, 'cfd57e10-dcfa-11e8-b206-abdc5dbfdd40', 0, NULL, NULL, NULL, '2018-10-31 16:20:42', '2019-04-06 10:56:12'),
(49, 1, 'fsfsf', 'jklsfsuer@y.com', '$2b$10$IfEZXV6IH46haobOrXnQB.UlGJNzixhosM0peFW.9OYWQCTWZLoAm', NULL, NULL, '38a46500-dcfb-11e8-b206-abdc5dbfdd40', 0, NULL, NULL, NULL, '2018-10-31 16:23:38', '2019-04-06 10:56:10'),
(50, 1, 'fsfd', 'kjsfdje@g.com', '$2b$10$Jyvuw0HEDDzta1D2e99hzO9zO6NbQuhCJtXdVa/JLAY1ZM8EKjFf.', NULL, NULL, '99dc8c30-dcfb-11e8-b206-abdc5dbfdd40', 0, NULL, NULL, NULL, '2018-10-31 16:26:21', '2019-04-06 10:56:09'),
(51, 1, 'kjjk', 'jjoioi@g.com', '$2b$10$w6D2E3UCf4v26d5cJN89s.F8B8jOoeAkZx3xNmzSbpLSStF/dyekG', NULL, NULL, 'bb8bb1d0-ecaa-11e8-b319-13324198651a', 0, NULL, NULL, NULL, '2018-11-20 15:27:46', '2019-04-06 10:56:07'),
(52, 1, 'rwer', 'rewrwe@g.com', '$2b$10$xOTygcw7cN7jN8Xj4je7H.ZybwXwdygLPTxYcUH0K97CuRy26q.vO', NULL, NULL, '37d731a0-ecac-11e8-b8ba-6d6b82e4fbf4', 0, NULL, NULL, NULL, '2018-11-20 15:38:25', '2018-11-21 12:33:06'),
(53, 4, 'Admin User', 'paisaloadmin@gmail.com', '$2b$10$agU4c.8k9XncUxof3fbxc.wg.6LQtYz7or6W5u/aIPwtwPm5/QkYa', '2019-01-30 10:07:18', 255, '7878bd70-ed77-11e8-adc1-bd7af5022c1b', 1, NULL, NULL, NULL, '2018-11-21 15:53:21', '2019-01-30 10:07:18'),
(54, 1, 'Rajiv ', 'rraja@gmail.com', '$2b$10$1F9hAn4Rn4LsABe7cD.f9Oc.fb8sEdWiQjNQLtNZrErmdbMLPAkAm', NULL, NULL, '9c939f90-f178-11e8-9071-697d207009df', 0, NULL, NULL, NULL, '2018-11-26 18:11:36', '2019-04-06 10:56:04'),
(55, 1, 'ljkjj', 'fs@g.com', '$2b$10$Apsg2eTWv5.Q8EegXhKfeelVXbL.peLNvXXgjmtUJiNqLqEw0Ljd.', NULL, NULL, 'a61db780-f470-11e8-a912-7d2c569b09e5', 0, NULL, NULL, NULL, '2018-11-30 12:52:09', '2019-04-06 10:56:02'),
(56, 1, 'sjfhsdjf', 'shita@gmail.com', '$2b$10$lBPqaHXK3dfXj.ZQ3muNjuMPV4qMYaimecuNcsBXz5vmUBm9Ymvzm', NULL, NULL, '82314010-0291-11e9-b084-c9ffcde4df45', 0, NULL, NULL, NULL, '2018-12-18 12:22:38', '2019-04-06 10:56:00'),
(57, 1, 'asfdsfv', 'nimita@gmail.com', '$2b$10$sl7IX/WoJ9PNXC8r8OXfZ.IdUIBLQ8LWv.EogoW7RQEngJsEoMcIC', '2019-02-26 15:14:22', 1, 'b279b700-0293-11e9-b084-c9ffcde4df45', 0, NULL, NULL, NULL, '2018-12-18 12:38:18', '2019-04-06 10:55:58'),
(58, 1, 'nita', 'bina@gmail.com', '$2b$10$o64XKZyhqj6NljzIT91WSeCwnjvfERg6/PD3j3dMqgXAAe4/1Neke', '2019-04-18 12:20:11', 367, '99358e30-0294-11e9-b084-c9ffcde4df45', 0, NULL, NULL, NULL, '2018-12-18 12:44:46', '2019-04-18 12:20:11'),
(59, 1, 'sdsfs', 'kalu@gmail.com', '$2b$10$nuuIXPnKpeRSLune0Kw2RuAHsmx9YHyRse5Fc5m/0XnG18pZyrDHe', NULL, NULL, '441e7ef0-0296-11e9-b084-c9ffcde4df45', 0, NULL, NULL, NULL, '2018-12-18 12:56:42', '2019-04-06 10:55:54'),
(60, 1, 'cfghgj', 'lina@gmail.com', '$2b$10$DRrHs/gDUiSG5HDqWyes8ex4A2TKLXvdV.SsnRY23Qj9EdQ076yYe', NULL, NULL, '6b906320-0298-11e9-b084-c9ffcde4df45', 0, NULL, NULL, NULL, '2018-12-18 13:12:07', '2019-04-06 10:55:52'),
(61, 1, 'xcvcb', 'priya@gmail.com', '$2b$10$Ilo2A3Gi0f6S691J0UZK7.6Y5/nl.0t1vKd4gYJHC4PDW3Od9WoXe', NULL, NULL, 'b8052420-0298-11e9-b084-c9ffcde4df45', 0, NULL, NULL, NULL, '2018-12-18 13:14:15', '2019-04-06 10:55:50'),
(62, 1, 'sfdg', 'indu@gmail.com', '$2b$10$WjWJVIJ3nQ8ZQKfgVX5ZOeMpmJ4m11Vw7jhrp37v7vkQrenaRYYOy', NULL, NULL, '6fb6f210-10e0-11e9-a653-cb798f58fc0a', 0, NULL, NULL, NULL, '2019-01-05 17:22:54', '2019-04-06 10:55:48'),
(63, 1, 'esrtfdsftg', 'titu@gmail.com', '$2b$10$lOZAYIigi1nwER6JctrlgeWMT99ps8EYBUny.n6degKxtCuWEOurm', NULL, NULL, 'a0132580-124a-11e9-880b-fbade781b6b2', 0, NULL, NULL, NULL, '2019-01-07 12:35:33', '2019-04-06 10:55:46'),
(64, 1, 'sadfasfs', 'leena@gmail.com', '$2b$10$Cu4o2U.xYy2YnqyKL6zp1OVlR3/4DLWH/Lmw2um2xaZ2vdtldO56y', NULL, NULL, 'dea0d240-1261-11e9-a7ed-07af379480b1', 0, NULL, NULL, NULL, '2019-01-07 15:21:56', '2019-04-06 10:55:44'),
(65, 1, 'sdzszf', 'kamal@gmail.com', '$2b$10$eSscPcEdIMnoyAbTWRSoM.P.eKhXZBkJ7Rg5kPes7b/FH6qyCmweK', NULL, NULL, '2396e0a0-1268-11e9-bcd8-dd75aa65b0f0', 0, NULL, NULL, NULL, '2019-01-07 16:06:49', '2019-04-06 10:55:42'),
(66, 1, 'dszfgdfhgf', 'Amit@gmail.com', '$2b$10$DcKdbPVerkzHIEoHgiOZu.P3c2hW.hewG6Y7LfIFBXnVmBfLXJy.2', NULL, NULL, '43cb7a40-126b-11e9-bcd8-dd75aa65b0f0', 0, NULL, NULL, NULL, '2019-01-07 16:29:11', '2019-04-06 10:55:40'),
(67, 1, 'dfsfsdf', 'om@gmail.com', '$2b$10$cI.CXul87CVbB1KyMk1skuaUIbpLkjUxDCyuv9CeJh2y//XBr490y', NULL, NULL, '66b374d0-1302-11e9-992d-71a30b4a77de', 0, NULL, NULL, NULL, '2019-01-08 10:31:04', '2019-04-06 10:55:38'),
(68, 1, 'scsdfcdsfvertretwerewr', 'renu@gmail.com', '$2b$10$zH9DcPRdN4F7EkSUOo0/pOsdQkY4ENj9ijOgmfC8BjwSUx1hjVm6C', NULL, NULL, 'e4718ce0-1302-11e9-992d-71a30b4a77de', 0, NULL, NULL, NULL, '2019-01-08 10:34:35', '2019-04-06 10:55:36'),
(69, 1, 'wereertre', 'himani@gmail.com', '$2b$10$LBuWnKnq0RqJwRdGmdmp5eEs56.RgdLfyty.MmW4qMvJMdVNfcmC6', NULL, NULL, 'efda6dd0-1303-11e9-992d-71a30b4a77de', 0, NULL, NULL, NULL, '2019-01-08 10:42:04', '2019-04-06 10:55:34'),
(71, 1, 'cxfghgf', 'jitu@gmail.com', '$2b$10$YnMeTECZWl1Wj04WHlZ7pe27vAbZ.tK4bATN8TraSRxmqSVlB7eiO', NULL, NULL, 'afcb6480-1329-11e9-a376-8bbe431b90fa', 0, NULL, NULL, NULL, '2019-01-08 15:12:17', '2019-04-06 10:55:32'),
(72, 1, 'rita', 'rita@gmail.com', '$2b$10$IZIwpDJT/MYxj.qD1kVFMeDzMpQV5axLPXg1xTF00a5.s4U5B6p6C', NULL, NULL, '67a708b0-3595-11e9-9320-3787fa999bfa', 0, NULL, NULL, NULL, '2019-02-21 10:29:01', '2019-04-06 10:55:29'),
(73, 1, 'gaurav', 'gaurav@gmail.com', '$2b$10$4qsvZFfVld7MWoqGbNuHw.IK0.PW1Zko5IrdGMIuDxq.FXNrZmBpO', NULL, NULL, '056e6f30-359a-11e9-b792-af32c4fb153a', 0, NULL, NULL, NULL, '2019-02-21 11:02:04', '2019-04-06 10:55:28'),
(74, 1, 'mayank', 'mayank@gmail.com', '$2b$10$cBgZPNCPMCM3yWgI5Db8XedeemUY29Lpu8aeHevrqDhBKDLhIhd1u', '2019-02-26 15:08:17', 1, '2aa7c880-359c-11e9-b792-af32c4fb153a', 0, NULL, NULL, NULL, '2019-02-21 11:17:25', '2019-04-06 10:55:26'),
(75, 1, 'preeti', 'preeti@gmail.com', '$2b$10$D8Ih5zjVgDRpeyeN1Y4xWe5Rd6ib6dsrgBWYCz8lEm9N/npD5.vG2', '2019-03-11 10:50:09', 26, 'd35766c0-3c0e-11e9-a17e-b5ee64e2ea3a', 0, NULL, NULL, NULL, '2019-03-01 16:13:18', '2019-04-06 10:55:21');

-- --------------------------------------------------------

--
-- Table structure for table `vendor_expertises`
--

CREATE TABLE `vendor_expertises` (
  `id` int(11) NOT NULL,
  `training_vendor_id` int(11) NOT NULL,
  `training_course_id` int(11) NOT NULL,
  `text` text COLLATE utf8_bin,
  `createdAt` datetime NOT NULL,
  `updatedAt` datetime NOT NULL
) ENGINE=InnoDB DEFAULT CHARSET=utf8 COLLATE=utf8_bin;

--
-- Dumping data for table `vendor_expertises`
--

INSERT INTO `vendor_expertises` (`id`, `training_vendor_id`, `training_course_id`, `text`, `createdAt`, `updatedAt`) VALUES
(46, 7, 6, NULL, '2019-04-20 17:57:42', '2019-04-20 17:57:42'),
(47, 7, 5, NULL, '2019-04-20 17:59:36', '2019-04-20 17:59:36');

-- --------------------------------------------------------

--
-- Table structure for table `vendor_personnels`
--

CREATE TABLE `vendor_personnels` (
  `id` int(11) NOT NULL,
  `vendor_id` int(11) DEFAULT NULL,
  `name` varchar(200) COLLATE utf8_bin NOT NULL,
  `employee_id` varchar(200) COLLATE utf8_bin DEFAULT NULL,
  `designation_id` int(11) DEFAULT NULL,
  `expertise` varchar(200) COLLATE utf8_bin NOT NULL,
  `contact_no` varchar(255) COLLATE utf8_bin DEFAULT NULL,
  `address` text COLLATE utf8_bin,
  `remarks` text COLLATE utf8_bin,
  `status` tinyint(1) NOT NULL DEFAULT '1',
  `createdAt` datetime NOT NULL,
  `updatedAt` datetime NOT NULL
) ENGINE=InnoDB DEFAULT CHARSET=utf8 COLLATE=utf8_bin;

-- --------------------------------------------------------

--
-- Table structure for table `weekend_policies`
--

CREATE TABLE `weekend_policies` (
  `id` int(11) NOT NULL,
  `name` varchar(200) COLLATE utf8_bin NOT NULL,
  `saturday_week1` tinyint(1) NOT NULL DEFAULT '0',
  `saturday_week2` tinyint(1) NOT NULL DEFAULT '0',
  `saturday_week3` tinyint(1) NOT NULL DEFAULT '0',
  `saturday_week4` tinyint(1) NOT NULL DEFAULT '0',
  `saturday_week5` tinyint(1) NOT NULL DEFAULT '0',
  `sunday_week1` tinyint(1) NOT NULL DEFAULT '0',
  `sunday_week2` tinyint(1) NOT NULL DEFAULT '0',
  `sunday_week3` tinyint(1) NOT NULL DEFAULT '0',
  `sunday_week4` tinyint(1) NOT NULL DEFAULT '0',
  `sunday_week5` tinyint(1) NOT NULL DEFAULT '0',
  `status` tinyint(1) NOT NULL DEFAULT '1',
  `createdAt` datetime NOT NULL,
  `updatedAt` datetime NOT NULL
) ENGINE=InnoDB DEFAULT CHARSET=utf8 COLLATE=utf8_bin;

--
-- Dumping data for table `weekend_policies`
--

INSERT INTO `weekend_policies` (`id`, `name`, `saturday_week1`, `saturday_week2`, `saturday_week3`, `saturday_week4`, `saturday_week5`, `sunday_week1`, `sunday_week2`, `sunday_week3`, `sunday_week4`, `sunday_week5`, `status`, `createdAt`, `updatedAt`) VALUES
(1, 'Weekend', 0, 0, 0, 0, 0, 0, 0, 0, 0, 0, 1, '2018-10-29 12:38:03', '2018-10-29 12:38:03'),
(3, 'Testing', 1, 1, 1, 1, 1, 0, 0, 0, 0, 0, 1, '2019-01-02 18:35:27', '2019-01-02 18:35:27');

--
-- Indexes for dumped tables
--

--
-- Indexes for table `assets`
--
ALTER TABLE `assets`
  ADD PRIMARY KEY (`id`);

--
-- Indexes for table `attendance_regularizations`
--
ALTER TABLE `attendance_regularizations`
  ADD PRIMARY KEY (`id`),
  ADD KEY `employee_id` (`employee_id`),
  ADD KEY `apply_to` (`apply_to`);

--
-- Indexes for table `attendance_schemes`
--
ALTER TABLE `attendance_schemes`
  ADD PRIMARY KEY (`id`),
  ADD KEY `shift_rotation_policy_id` (`shift_rotation_policy_id`),
  ADD KEY `weekend_policy_id` (`weekend_policy_id`);

--
-- Indexes for table `banks`
--
ALTER TABLE `banks`
  ADD PRIMARY KEY (`id`);

--
-- Indexes for table `bulletins`
--
ALTER TABLE `bulletins`
  ADD PRIMARY KEY (`id`);

--
-- Indexes for table `consultants`
--
ALTER TABLE `consultants`
  ADD PRIMARY KEY (`id`);

--
-- Indexes for table `countries`
--
ALTER TABLE `countries`
  ADD PRIMARY KEY (`id`),
  ADD UNIQUE KEY `name` (`name`);

--
-- Indexes for table `course_topics`
--
ALTER TABLE `course_topics`
  ADD PRIMARY KEY (`id`),
  ADD KEY `course_topics_ibfk_1` (`course_id`);

--
-- Indexes for table `departments`
--
ALTER TABLE `departments`
  ADD PRIMARY KEY (`id`),
  ADD UNIQUE KEY `name` (`name`);

--
-- Indexes for table `designations`
--
ALTER TABLE `designations`
  ADD PRIMARY KEY (`id`),
  ADD UNIQUE KEY `name` (`name`);

--
-- Indexes for table `employeegps_trackings`
--
ALTER TABLE `employeegps_trackings`
  ADD PRIMARY KEY (`id`),
  ADD KEY `employee_id` (`employee_id`);

--
-- Indexes for table `employees`
--
ALTER TABLE `employees`
  ADD PRIMARY KEY (`id`),
  ADD KEY `user_id` (`user_id`),
  ADD KEY `employment_status` (`employment_status`),
  ADD KEY `nationality` (`nationality`),
  ADD KEY `religion` (`religion`),
  ADD KEY `Employee_family` (`Employee_family`);

--
-- Indexes for table `employee_access_cards`
--
ALTER TABLE `employee_access_cards`
  ADD PRIMARY KEY (`id`),
  ADD UNIQUE KEY `card_number` (`card_number`),
  ADD KEY `employee_id` (`employee_id`);

--
-- Indexes for table `employee_addresses`
--
ALTER TABLE `employee_addresses`
  ADD PRIMARY KEY (`id`),
  ADD KEY `employee_id` (`employee_id`),
  ADD KEY `state_id` (`state_id`),
  ADD KEY `country_id` (`country_id`);

--
-- Indexes for table `employee_assets`
--
ALTER TABLE `employee_assets`
  ADD PRIMARY KEY (`id`),
  ADD KEY `employee_id` (`employee_id`),
  ADD KEY `asset_id` (`asset_id`);

--
-- Indexes for table `employee_attendances`
--
ALTER TABLE `employee_attendances`
  ADD PRIMARY KEY (`id`),
  ADD KEY `employee_id` (`employee_id`),
  ADD KEY `shift_id` (`shift_id`);

--
-- Indexes for table `employee_backgrounds`
--
ALTER TABLE `employee_backgrounds`
  ADD PRIMARY KEY (`id`),
  ADD KEY `employee_id` (`employee_id`);

--
-- Indexes for table `employee_banks`
--
ALTER TABLE `employee_banks`
  ADD PRIMARY KEY (`id`),
  ADD KEY `employee_id` (`employee_id`),
  ADD KEY `bank_id` (`bank_id`);

--
-- Indexes for table `employee_documents`
--
ALTER TABLE `employee_documents`
  ADD PRIMARY KEY (`id`),
  ADD KEY `employee_id` (`employee_id`);

--
-- Indexes for table `employee_families`
--
ALTER TABLE `employee_families`
  ADD PRIMARY KEY (`id`),
  ADD KEY `employee_id` (`employee_id`),
  ADD KEY `nationality_id` (`nationality_id`);

--
-- Indexes for table `employee_generated_letters`
--
ALTER TABLE `employee_generated_letters`
  ADD PRIMARY KEY (`id`),
  ADD KEY `employee_id` (`employee_id`),
  ADD KEY `authorized_signatory` (`authorized_signatory`);

--
-- Indexes for table `employee_idenities`
--
ALTER TABLE `employee_idenities`
  ADD PRIMARY KEY (`id`),
  ADD KEY `employee_id` (`employee_id`);

--
-- Indexes for table `employee_leaves`
--
ALTER TABLE `employee_leaves`
  ADD PRIMARY KEY (`id`),
  ADD KEY `leavegrantemployee_id` (`leavegrantemployee_id`),
  ADD KEY `employee_id` (`employee_id`),
  ADD KEY `leave_type_id` (`leave_type_id`);

--
-- Indexes for table `employee_nominees`
--
ALTER TABLE `employee_nominees`
  ADD PRIMARY KEY (`id`),
  ADD KEY `employee_id` (`employee_id`),
  ADD KEY `family_id` (`family_id`);

--
-- Indexes for table `employee_pfs`
--
ALTER TABLE `employee_pfs`
  ADD PRIMARY KEY (`id`),
  ADD KEY `employee_id` (`employee_id`);

--
-- Indexes for table `employee_positions`
--
ALTER TABLE `employee_positions`
  ADD PRIMARY KEY (`id`),
  ADD KEY `employee_id` (`employee_id`),
  ADD KEY `department_id` (`department_id`),
  ADD KEY `designation_id` (`designation_id`),
  ADD KEY `grade_id` (`grade_id`),
  ADD KEY `location_id` (`location_id`),
  ADD KEY `scheme_id` (`scheme_id`),
  ADD KEY `attendance_scheme_id` (`attendance_scheme_id`),
  ADD KEY `reporting_to` (`reporting_to`);

--
-- Indexes for table `employee_prev_employments`
--
ALTER TABLE `employee_prev_employments`
  ADD PRIMARY KEY (`id`),
  ADD KEY `employee_id` (`employee_id`);

--
-- Indexes for table `employee_probations`
--
ALTER TABLE `employee_probations`
  ADD PRIMARY KEY (`id`),
  ADD KEY `employee_id` (`employee_id`);

--
-- Indexes for table `employee_qualifications`
--
ALTER TABLE `employee_qualifications`
  ADD PRIMARY KEY (`id`),
  ADD KEY `employee_id` (`employee_id`);

--
-- Indexes for table `employee_resignations`
--
ALTER TABLE `employee_resignations`
  ADD PRIMARY KEY (`id`),
  ADD KEY `employee_id` (`employee_id`);

--
-- Indexes for table `employment_statuses`
--
ALTER TABLE `employment_statuses`
  ADD PRIMARY KEY (`id`),
  ADD UNIQUE KEY `name` (`name`);

--
-- Indexes for table `grades`
--
ALTER TABLE `grades`
  ADD PRIMARY KEY (`id`),
  ADD UNIQUE KEY `name` (`name`);

--
-- Indexes for table `holiday_lists`
--
ALTER TABLE `holiday_lists`
  ADD PRIMARY KEY (`id`),
  ADD KEY `location_id` (`location_id`);

--
-- Indexes for table `hr_forms`
--
ALTER TABLE `hr_forms`
  ADD PRIMARY KEY (`id`);

--
-- Indexes for table `interviews`
--
ALTER TABLE `interviews`
  ADD PRIMARY KEY (`id`),
  ADD KEY `interviews_ibfk_1` (`profile_id`),
  ADD KEY `interviews_ibfk_2` (`scheduled_by`),
  ADD KEY `interviews_ibfk_3` (`interviewer`);

--
-- Indexes for table `interview_ratings`
--
ALTER TABLE `interview_ratings`
  ADD PRIMARY KEY (`id`),
  ADD UNIQUE KEY `interview_id` (`interview_id`);

--
-- Indexes for table `job_openings`
--
ALTER TABLE `job_openings`
  ADD PRIMARY KEY (`id`),
  ADD KEY `department_id` (`department_id`),
  ADD KEY `job_opening_by` (`job_opening_by`),
  ADD KEY `location_id` (`location_id`);

--
-- Indexes for table `job_publishes`
--
ALTER TABLE `job_publishes`
  ADD PRIMARY KEY (`id`),
  ADD KEY `job_id` (`job_id`),
  ADD KEY `consultant_id` (`consultant_id`),
  ADD KEY `job_published_by` (`job_published_by`);

--
-- Indexes for table `leavegrant_employees`
--
ALTER TABLE `leavegrant_employees`
  ADD PRIMARY KEY (`id`),
  ADD KEY `leavegrant_id` (`leavegrant_id`),
  ADD KEY `employee_id` (`employee_id`);

--
-- Indexes for table `leave_applications`
--
ALTER TABLE `leave_applications`
  ADD PRIMARY KEY (`id`),
  ADD KEY `employee_id` (`employee_id`),
  ADD KEY `employee_leave_id` (`employee_leave_id`),
  ADD KEY `apply_to` (`apply_to`),
  ADD KEY `leave_type_id` (`leave_type_id`),
  ADD KEY `approved_by` (`approved_by`),
  ADD KEY `edited_by` (`edited_by`);

--
-- Indexes for table `leave_grants`
--
ALTER TABLE `leave_grants`
  ADD PRIMARY KEY (`id`),
  ADD KEY `Leave_grants_ibfk_1` (`leavescheme_id`);

--
-- Indexes for table `leave_schemes`
--
ALTER TABLE `leave_schemes`
  ADD PRIMARY KEY (`id`),
  ADD KEY `weekend_policy_id` (`weekend_policy_id`),
  ADD KEY `employment_status_id` (`employment_status_id`);

--
-- Indexes for table `leave_scheme_leave_types`
--
ALTER TABLE `leave_scheme_leave_types`
  ADD PRIMARY KEY (`id`),
  ADD KEY `leave_schemes_id` (`leave_schemes_id`),
  ADD KEY `leave_type_id` (`leave_type_id`);

--
-- Indexes for table `leave_types`
--
ALTER TABLE `leave_types`
  ADD PRIMARY KEY (`id`),
  ADD UNIQUE KEY `name` (`name`);

--
-- Indexes for table `locations`
--
ALTER TABLE `locations`
  ADD PRIMARY KEY (`id`),
  ADD KEY `country_id` (`country_id`);

--
-- Indexes for table `nationalities`
--
ALTER TABLE `nationalities`
  ADD PRIMARY KEY (`id`),
  ADD UNIQUE KEY `name` (`name`);

--
-- Indexes for table `organization_trees`
--
ALTER TABLE `organization_trees`
  ADD PRIMARY KEY (`id`),
  ADD KEY `employee_id` (`employee_id`),
  ADD KEY `manager_employee_id` (`manager_employee_id`);

--
-- Indexes for table `participants`
--
ALTER TABLE `participants`
  ADD PRIMARY KEY (`id`),
  ADD KEY `employee_id` (`employee_id`),
  ADD KEY `participants_ibfk_1` (`training_id`);

--
-- Indexes for table `policy_guidelines`
--
ALTER TABLE `policy_guidelines`
  ADD PRIMARY KEY (`id`);

--
-- Indexes for table `profile_shared_for_reviews`
--
ALTER TABLE `profile_shared_for_reviews`
  ADD PRIMARY KEY (`id`),
  ADD KEY `shared_by` (`shared_by`),
  ADD KEY `review_by` (`review_by`),
  ADD KEY `profile_shared_for_reviews_ibfk_1` (`profile_id`);

--
-- Indexes for table `recruitment_profiles`
--
ALTER TABLE `recruitment_profiles`
  ADD PRIMARY KEY (`id`),
  ADD KEY `job_id` (`job_id`),
  ADD KEY `consultant_id` (`consultant_id`);

--
-- Indexes for table `religions`
--
ALTER TABLE `religions`
  ADD PRIMARY KEY (`id`);

--
-- Indexes for table `roles`
--
ALTER TABLE `roles`
  ADD PRIMARY KEY (`id`);

--
-- Indexes for table `schemes`
--
ALTER TABLE `schemes`
  ADD PRIMARY KEY (`id`),
  ADD UNIQUE KEY `name` (`name`);

--
-- Indexes for table `sequelizemeta`
--
ALTER TABLE `sequelizemeta`
  ADD PRIMARY KEY (`name`),
  ADD UNIQUE KEY `name` (`name`);

--
-- Indexes for table `shifts`
--
ALTER TABLE `shifts`
  ADD PRIMARY KEY (`id`),
  ADD UNIQUE KEY `name` (`name`);

--
-- Indexes for table `shift_rotations`
--
ALTER TABLE `shift_rotations`
  ADD PRIMARY KEY (`id`),
  ADD KEY `shift_id` (`shift_id`),
  ADD KEY `shift_rotation_policy_id` (`shift_rotation_policy_id`);

--
-- Indexes for table `shift_rotation_policies`
--
ALTER TABLE `shift_rotation_policies`
  ADD PRIMARY KEY (`id`);

--
-- Indexes for table `states`
--
ALTER TABLE `states`
  ADD PRIMARY KEY (`id`),
  ADD UNIQUE KEY `name` (`name`),
  ADD KEY `country_id` (`country_id`);

--
-- Indexes for table `trainers_externals`
--
ALTER TABLE `trainers_externals`
  ADD PRIMARY KEY (`id`),
  ADD KEY `trainers_externals_ibfk_1` (`training_id`),
  ADD KEY `trainers_externals_ibfk_2` (`vaendor_personnel_id`);

--
-- Indexes for table `trainers_internals`
--
ALTER TABLE `trainers_internals`
  ADD PRIMARY KEY (`id`),
  ADD KEY `trainers_internals_ibfk_1` (`training_id`),
  ADD KEY `trainers_internals_ibfk_2` (`trainer_id`);

--
-- Indexes for table `trainings`
--
ALTER TABLE `trainings`
  ADD PRIMARY KEY (`id`),
  ADD KEY `training_id` (`training_id`),
  ADD KEY `trainings_ibfk_1` (`course_id`);

--
-- Indexes for table `training_courses`
--
ALTER TABLE `training_courses`
  ADD PRIMARY KEY (`id`),
  ADD UNIQUE KEY `name` (`name`);

--
-- Indexes for table `training_feedbacks`
--
ALTER TABLE `training_feedbacks`
  ADD PRIMARY KEY (`id`),
  ADD KEY `training_id` (`training_id`);

--
-- Indexes for table `training_materials`
--
ALTER TABLE `training_materials`
  ADD PRIMARY KEY (`id`),
  ADD KEY `training_id` (`training_id`);

--
-- Indexes for table `training_vendors`
--
ALTER TABLE `training_vendors`
  ADD PRIMARY KEY (`id`);

--
-- Indexes for table `users`
--
ALTER TABLE `users`
  ADD PRIMARY KEY (`id`),
  ADD UNIQUE KEY `email` (`email`),
  ADD KEY `role_id` (`role_id`);

--
-- Indexes for table `vendor_expertises`
--
ALTER TABLE `vendor_expertises`
  ADD PRIMARY KEY (`id`),
  ADD KEY `training_vendor_id` (`training_vendor_id`),
  ADD KEY `training_course_id` (`training_course_id`);

--
-- Indexes for table `vendor_personnels`
--
ALTER TABLE `vendor_personnels`
  ADD PRIMARY KEY (`id`),
  ADD KEY `vendor_id` (`vendor_id`),
  ADD KEY `designation_id` (`designation_id`);

--
-- Indexes for table `weekend_policies`
--
ALTER TABLE `weekend_policies`
  ADD PRIMARY KEY (`id`);

--
-- AUTO_INCREMENT for dumped tables
--

--
-- AUTO_INCREMENT for table `assets`
--
ALTER TABLE `assets`
  MODIFY `id` int(11) NOT NULL AUTO_INCREMENT, AUTO_INCREMENT=3;

--
-- AUTO_INCREMENT for table `attendance_regularizations`
--
ALTER TABLE `attendance_regularizations`
  MODIFY `id` int(11) NOT NULL AUTO_INCREMENT;

--
-- AUTO_INCREMENT for table `attendance_schemes`
--
ALTER TABLE `attendance_schemes`
  MODIFY `id` int(11) NOT NULL AUTO_INCREMENT, AUTO_INCREMENT=2;

--
-- AUTO_INCREMENT for table `banks`
--
ALTER TABLE `banks`
  MODIFY `id` int(11) NOT NULL AUTO_INCREMENT, AUTO_INCREMENT=192;

--
-- AUTO_INCREMENT for table `bulletins`
--
ALTER TABLE `bulletins`
  MODIFY `id` int(11) NOT NULL AUTO_INCREMENT, AUTO_INCREMENT=2;

--
-- AUTO_INCREMENT for table `consultants`
--
ALTER TABLE `consultants`
  MODIFY `id` int(11) NOT NULL AUTO_INCREMENT, AUTO_INCREMENT=12;

--
-- AUTO_INCREMENT for table `countries`
--
ALTER TABLE `countries`
  MODIFY `id` int(11) NOT NULL AUTO_INCREMENT, AUTO_INCREMENT=2;

--
-- AUTO_INCREMENT for table `course_topics`
--
ALTER TABLE `course_topics`
  MODIFY `id` int(11) NOT NULL AUTO_INCREMENT, AUTO_INCREMENT=9;

--
-- AUTO_INCREMENT for table `departments`
--
ALTER TABLE `departments`
  MODIFY `id` int(11) NOT NULL AUTO_INCREMENT, AUTO_INCREMENT=8;

--
-- AUTO_INCREMENT for table `designations`
--
ALTER TABLE `designations`
  MODIFY `id` int(11) NOT NULL AUTO_INCREMENT, AUTO_INCREMENT=11;

--
-- AUTO_INCREMENT for table `employeegps_trackings`
--
ALTER TABLE `employeegps_trackings`
  MODIFY `id` int(11) NOT NULL AUTO_INCREMENT, AUTO_INCREMENT=93;

--
-- AUTO_INCREMENT for table `employees`
--
ALTER TABLE `employees`
  MODIFY `id` int(11) NOT NULL AUTO_INCREMENT, AUTO_INCREMENT=44;

--
-- AUTO_INCREMENT for table `employee_access_cards`
--
ALTER TABLE `employee_access_cards`
  MODIFY `id` int(11) NOT NULL AUTO_INCREMENT, AUTO_INCREMENT=17;

--
-- AUTO_INCREMENT for table `employee_addresses`
--
ALTER TABLE `employee_addresses`
  MODIFY `id` int(11) NOT NULL AUTO_INCREMENT, AUTO_INCREMENT=10;

--
-- AUTO_INCREMENT for table `employee_assets`
--
ALTER TABLE `employee_assets`
  MODIFY `id` int(11) NOT NULL AUTO_INCREMENT, AUTO_INCREMENT=22;

--
-- AUTO_INCREMENT for table `employee_attendances`
--
ALTER TABLE `employee_attendances`
  MODIFY `id` int(11) NOT NULL AUTO_INCREMENT, AUTO_INCREMENT=86;

--
-- AUTO_INCREMENT for table `employee_backgrounds`
--
ALTER TABLE `employee_backgrounds`
  MODIFY `id` int(11) NOT NULL AUTO_INCREMENT;

--
-- AUTO_INCREMENT for table `employee_banks`
--
ALTER TABLE `employee_banks`
  MODIFY `id` int(11) NOT NULL AUTO_INCREMENT, AUTO_INCREMENT=17;

--
-- AUTO_INCREMENT for table `employee_documents`
--
ALTER TABLE `employee_documents`
  MODIFY `id` int(11) NOT NULL AUTO_INCREMENT, AUTO_INCREMENT=23;

--
-- AUTO_INCREMENT for table `employee_families`
--
ALTER TABLE `employee_families`
  MODIFY `id` int(11) NOT NULL AUTO_INCREMENT, AUTO_INCREMENT=23;

--
-- AUTO_INCREMENT for table `employee_generated_letters`
--
ALTER TABLE `employee_generated_letters`
  MODIFY `id` int(11) NOT NULL AUTO_INCREMENT, AUTO_INCREMENT=2;

--
-- AUTO_INCREMENT for table `employee_idenities`
--
ALTER TABLE `employee_idenities`
  MODIFY `id` int(11) NOT NULL AUTO_INCREMENT;

--
-- AUTO_INCREMENT for table `employee_leaves`
--
ALTER TABLE `employee_leaves`
  MODIFY `id` int(11) NOT NULL AUTO_INCREMENT, AUTO_INCREMENT=176;

--
-- AUTO_INCREMENT for table `employee_nominees`
--
ALTER TABLE `employee_nominees`
  MODIFY `id` int(11) NOT NULL AUTO_INCREMENT, AUTO_INCREMENT=7;

--
-- AUTO_INCREMENT for table `employee_pfs`
--
ALTER TABLE `employee_pfs`
  MODIFY `id` int(11) NOT NULL AUTO_INCREMENT, AUTO_INCREMENT=27;

--
-- AUTO_INCREMENT for table `employee_positions`
--
ALTER TABLE `employee_positions`
  MODIFY `id` int(11) NOT NULL AUTO_INCREMENT, AUTO_INCREMENT=26;

--
-- AUTO_INCREMENT for table `employee_prev_employments`
--
ALTER TABLE `employee_prev_employments`
  MODIFY `id` int(11) NOT NULL AUTO_INCREMENT, AUTO_INCREMENT=15;

--
-- AUTO_INCREMENT for table `employee_probations`
--
ALTER TABLE `employee_probations`
  MODIFY `id` int(11) NOT NULL AUTO_INCREMENT;

--
-- AUTO_INCREMENT for table `employee_qualifications`
--
ALTER TABLE `employee_qualifications`
  MODIFY `id` int(11) NOT NULL AUTO_INCREMENT;

--
-- AUTO_INCREMENT for table `employee_resignations`
--
ALTER TABLE `employee_resignations`
  MODIFY `id` int(11) NOT NULL AUTO_INCREMENT;

--
-- AUTO_INCREMENT for table `employment_statuses`
--
ALTER TABLE `employment_statuses`
  MODIFY `id` int(11) NOT NULL AUTO_INCREMENT, AUTO_INCREMENT=3;

--
-- AUTO_INCREMENT for table `grades`
--
ALTER TABLE `grades`
  MODIFY `id` int(11) NOT NULL AUTO_INCREMENT, AUTO_INCREMENT=6;

--
-- AUTO_INCREMENT for table `holiday_lists`
--
ALTER TABLE `holiday_lists`
  MODIFY `id` int(11) NOT NULL AUTO_INCREMENT, AUTO_INCREMENT=20;

--
-- AUTO_INCREMENT for table `hr_forms`
--
ALTER TABLE `hr_forms`
  MODIFY `id` int(11) NOT NULL AUTO_INCREMENT;

--
-- AUTO_INCREMENT for table `interviews`
--
ALTER TABLE `interviews`
  MODIFY `id` int(11) NOT NULL AUTO_INCREMENT, AUTO_INCREMENT=3;

--
-- AUTO_INCREMENT for table `interview_ratings`
--
ALTER TABLE `interview_ratings`
  MODIFY `id` int(11) NOT NULL AUTO_INCREMENT;

--
-- AUTO_INCREMENT for table `job_openings`
--
ALTER TABLE `job_openings`
  MODIFY `id` int(11) NOT NULL AUTO_INCREMENT, AUTO_INCREMENT=7;

--
-- AUTO_INCREMENT for table `job_publishes`
--
ALTER TABLE `job_publishes`
  MODIFY `id` int(11) NOT NULL AUTO_INCREMENT, AUTO_INCREMENT=95;

--
-- AUTO_INCREMENT for table `leavegrant_employees`
--
ALTER TABLE `leavegrant_employees`
  MODIFY `id` int(11) NOT NULL AUTO_INCREMENT, AUTO_INCREMENT=551;

--
-- AUTO_INCREMENT for table `leave_applications`
--
ALTER TABLE `leave_applications`
  MODIFY `id` int(11) NOT NULL AUTO_INCREMENT, AUTO_INCREMENT=22;

--
-- AUTO_INCREMENT for table `leave_grants`
--
ALTER TABLE `leave_grants`
  MODIFY `id` int(11) NOT NULL AUTO_INCREMENT, AUTO_INCREMENT=21;

--
-- AUTO_INCREMENT for table `leave_schemes`
--
ALTER TABLE `leave_schemes`
  MODIFY `id` int(11) NOT NULL AUTO_INCREMENT, AUTO_INCREMENT=67;

--
-- AUTO_INCREMENT for table `leave_scheme_leave_types`
--
ALTER TABLE `leave_scheme_leave_types`
  MODIFY `id` int(11) NOT NULL AUTO_INCREMENT, AUTO_INCREMENT=55;

--
-- AUTO_INCREMENT for table `leave_types`
--
ALTER TABLE `leave_types`
  MODIFY `id` int(11) NOT NULL AUTO_INCREMENT, AUTO_INCREMENT=9;

--
-- AUTO_INCREMENT for table `locations`
--
ALTER TABLE `locations`
  MODIFY `id` int(11) NOT NULL AUTO_INCREMENT, AUTO_INCREMENT=7;

--
-- AUTO_INCREMENT for table `nationalities`
--
ALTER TABLE `nationalities`
  MODIFY `id` int(11) NOT NULL AUTO_INCREMENT, AUTO_INCREMENT=5;

--
-- AUTO_INCREMENT for table `organization_trees`
--
ALTER TABLE `organization_trees`
  MODIFY `id` int(11) NOT NULL AUTO_INCREMENT, AUTO_INCREMENT=18;

--
-- AUTO_INCREMENT for table `participants`
--
ALTER TABLE `participants`
  MODIFY `id` int(11) NOT NULL AUTO_INCREMENT, AUTO_INCREMENT=5;

--
-- AUTO_INCREMENT for table `policy_guidelines`
--
ALTER TABLE `policy_guidelines`
  MODIFY `id` int(11) NOT NULL AUTO_INCREMENT, AUTO_INCREMENT=4;

--
-- AUTO_INCREMENT for table `profile_shared_for_reviews`
--
ALTER TABLE `profile_shared_for_reviews`
  MODIFY `id` int(11) NOT NULL AUTO_INCREMENT, AUTO_INCREMENT=3;

--
-- AUTO_INCREMENT for table `recruitment_profiles`
--
ALTER TABLE `recruitment_profiles`
  MODIFY `id` int(11) NOT NULL AUTO_INCREMENT, AUTO_INCREMENT=5;

--
-- AUTO_INCREMENT for table `religions`
--
ALTER TABLE `religions`
  MODIFY `id` int(11) NOT NULL AUTO_INCREMENT, AUTO_INCREMENT=3;

--
-- AUTO_INCREMENT for table `roles`
--
ALTER TABLE `roles`
  MODIFY `id` int(11) NOT NULL AUTO_INCREMENT, AUTO_INCREMENT=5;

--
-- AUTO_INCREMENT for table `schemes`
--
ALTER TABLE `schemes`
  MODIFY `id` int(11) NOT NULL AUTO_INCREMENT, AUTO_INCREMENT=7;

--
-- AUTO_INCREMENT for table `shifts`
--
ALTER TABLE `shifts`
  MODIFY `id` int(11) NOT NULL AUTO_INCREMENT, AUTO_INCREMENT=5;

--
-- AUTO_INCREMENT for table `shift_rotations`
--
ALTER TABLE `shift_rotations`
  MODIFY `id` int(11) NOT NULL AUTO_INCREMENT;

--
-- AUTO_INCREMENT for table `shift_rotation_policies`
--
ALTER TABLE `shift_rotation_policies`
  MODIFY `id` int(11) NOT NULL AUTO_INCREMENT, AUTO_INCREMENT=11;

--
-- AUTO_INCREMENT for table `states`
--
ALTER TABLE `states`
  MODIFY `id` int(11) NOT NULL AUTO_INCREMENT, AUTO_INCREMENT=18;

--
-- AUTO_INCREMENT for table `trainers_externals`
--
ALTER TABLE `trainers_externals`
  MODIFY `id` int(11) NOT NULL AUTO_INCREMENT;

--
-- AUTO_INCREMENT for table `trainers_internals`
--
ALTER TABLE `trainers_internals`
  MODIFY `id` int(11) NOT NULL AUTO_INCREMENT, AUTO_INCREMENT=4;

--
-- AUTO_INCREMENT for table `trainings`
--
ALTER TABLE `trainings`
  MODIFY `id` int(11) NOT NULL AUTO_INCREMENT, AUTO_INCREMENT=5;

--
-- AUTO_INCREMENT for table `training_courses`
--
ALTER TABLE `training_courses`
  MODIFY `id` int(11) NOT NULL AUTO_INCREMENT, AUTO_INCREMENT=7;

--
-- AUTO_INCREMENT for table `training_feedbacks`
--
ALTER TABLE `training_feedbacks`
  MODIFY `id` int(11) NOT NULL AUTO_INCREMENT, AUTO_INCREMENT=5;

--
-- AUTO_INCREMENT for table `training_materials`
--
ALTER TABLE `training_materials`
  MODIFY `id` int(11) NOT NULL AUTO_INCREMENT, AUTO_INCREMENT=4;

--
-- AUTO_INCREMENT for table `training_vendors`
--
ALTER TABLE `training_vendors`
  MODIFY `id` int(11) NOT NULL AUTO_INCREMENT, AUTO_INCREMENT=8;

--
-- AUTO_INCREMENT for table `users`
--
ALTER TABLE `users`
  MODIFY `id` int(11) NOT NULL AUTO_INCREMENT, AUTO_INCREMENT=76;

--
-- AUTO_INCREMENT for table `vendor_expertises`
--
ALTER TABLE `vendor_expertises`
  MODIFY `id` int(11) NOT NULL AUTO_INCREMENT, AUTO_INCREMENT=48;

--
-- AUTO_INCREMENT for table `vendor_personnels`
--
ALTER TABLE `vendor_personnels`
  MODIFY `id` int(11) NOT NULL AUTO_INCREMENT;

--
-- AUTO_INCREMENT for table `weekend_policies`
--
ALTER TABLE `weekend_policies`
  MODIFY `id` int(11) NOT NULL AUTO_INCREMENT, AUTO_INCREMENT=4;

--
-- Constraints for dumped tables
--

--
-- Constraints for table `attendance_regularizations`
--
ALTER TABLE `attendance_regularizations`
  ADD CONSTRAINT `attendance_regularizations_ibfk_1` FOREIGN KEY (`employee_id`) REFERENCES `employees` (`id`) ON DELETE NO ACTION ON UPDATE CASCADE,
  ADD CONSTRAINT `attendance_regularizations_ibfk_2` FOREIGN KEY (`apply_to`) REFERENCES `employees` (`id`) ON DELETE NO ACTION ON UPDATE CASCADE;

--
-- Constraints for table `attendance_schemes`
--
ALTER TABLE `attendance_schemes`
  ADD CONSTRAINT `Attendance_schemes_ibfk_1` FOREIGN KEY (`shift_rotation_policy_id`) REFERENCES `shift_rotation_policies` (`id`) ON DELETE NO ACTION ON UPDATE CASCADE,
  ADD CONSTRAINT `Attendance_schemes_ibfk_2` FOREIGN KEY (`weekend_policy_id`) REFERENCES `weekend_policies` (`id`) ON DELETE NO ACTION ON UPDATE CASCADE;

--
-- Constraints for table `course_topics`
--
ALTER TABLE `course_topics`
  ADD CONSTRAINT `course_topics_ibfk_1` FOREIGN KEY (`course_id`) REFERENCES `training_courses` (`id`) ON DELETE CASCADE ON UPDATE CASCADE;

--
-- Constraints for table `employeegps_trackings`
--
ALTER TABLE `employeegps_trackings`
  ADD CONSTRAINT `employeegps_trackings_ibfk_1` FOREIGN KEY (`employee_id`) REFERENCES `employees` (`id`) ON DELETE CASCADE ON UPDATE CASCADE;

--
-- Constraints for table `employees`
--
ALTER TABLE `employees`
  ADD CONSTRAINT `employees_ibfk_1` FOREIGN KEY (`user_id`) REFERENCES `users` (`id`) ON DELETE CASCADE ON UPDATE CASCADE,
  ADD CONSTRAINT `employees_ibfk_2` FOREIGN KEY (`employment_status`) REFERENCES `employment_statuses` (`id`) ON DELETE SET NULL ON UPDATE CASCADE,
  ADD CONSTRAINT `employees_ibfk_3` FOREIGN KEY (`nationality`) REFERENCES `nationalities` (`id`) ON DELETE SET NULL ON UPDATE CASCADE,
  ADD CONSTRAINT `employees_ibfk_4` FOREIGN KEY (`religion`) REFERENCES `religions` (`id`) ON DELETE SET NULL ON UPDATE CASCADE,
  ADD CONSTRAINT `employees_ibfk_5` FOREIGN KEY (`Employee_family`) REFERENCES `nationalities` (`id`) ON DELETE SET NULL ON UPDATE CASCADE;

--
-- Constraints for table `employee_access_cards`
--
ALTER TABLE `employee_access_cards`
  ADD CONSTRAINT `Employee_access_cards_ibfk_1` FOREIGN KEY (`employee_id`) REFERENCES `employees` (`id`) ON DELETE CASCADE ON UPDATE CASCADE;

--
-- Constraints for table `employee_addresses`
--
ALTER TABLE `employee_addresses`
  ADD CONSTRAINT `Employee_addresses_ibfk_1` FOREIGN KEY (`employee_id`) REFERENCES `employees` (`id`) ON DELETE CASCADE ON UPDATE CASCADE,
  ADD CONSTRAINT `Employee_addresses_ibfk_2` FOREIGN KEY (`state_id`) REFERENCES `states` (`id`) ON DELETE NO ACTION ON UPDATE CASCADE,
  ADD CONSTRAINT `Employee_addresses_ibfk_3` FOREIGN KEY (`country_id`) REFERENCES `countries` (`id`) ON DELETE CASCADE ON UPDATE CASCADE;

--
-- Constraints for table `employee_assets`
--
ALTER TABLE `employee_assets`
  ADD CONSTRAINT `Employee_assets_ibfk_1` FOREIGN KEY (`employee_id`) REFERENCES `employees` (`id`) ON DELETE CASCADE ON UPDATE CASCADE,
  ADD CONSTRAINT `Employee_assets_ibfk_2` FOREIGN KEY (`asset_id`) REFERENCES `assets` (`id`) ON DELETE CASCADE ON UPDATE CASCADE;

--
-- Constraints for table `employee_attendances`
--
ALTER TABLE `employee_attendances`
  ADD CONSTRAINT `Employee_attendances_ibfk_1` FOREIGN KEY (`employee_id`) REFERENCES `employees` (`id`) ON DELETE CASCADE ON UPDATE CASCADE,
  ADD CONSTRAINT `Employee_attendances_ibfk_2` FOREIGN KEY (`shift_id`) REFERENCES `shifts` (`id`) ON DELETE NO ACTION ON UPDATE CASCADE;

--
-- Constraints for table `employee_backgrounds`
--
ALTER TABLE `employee_backgrounds`
  ADD CONSTRAINT `Employee_backgrounds_ibfk_1` FOREIGN KEY (`employee_id`) REFERENCES `employees` (`id`) ON DELETE CASCADE ON UPDATE CASCADE;

--
-- Constraints for table `employee_banks`
--
ALTER TABLE `employee_banks`
  ADD CONSTRAINT `Employee_banks_ibfk_1` FOREIGN KEY (`employee_id`) REFERENCES `employees` (`id`) ON DELETE CASCADE ON UPDATE CASCADE,
  ADD CONSTRAINT `Employee_banks_ibfk_2` FOREIGN KEY (`bank_id`) REFERENCES `banks` (`id`) ON DELETE CASCADE ON UPDATE CASCADE;

--
-- Constraints for table `employee_documents`
--
ALTER TABLE `employee_documents`
  ADD CONSTRAINT `Employee_documents_ibfk_1` FOREIGN KEY (`employee_id`) REFERENCES `employees` (`id`) ON DELETE CASCADE ON UPDATE CASCADE;

--
-- Constraints for table `employee_families`
--
ALTER TABLE `employee_families`
  ADD CONSTRAINT `Employee_families_ibfk_1` FOREIGN KEY (`employee_id`) REFERENCES `employees` (`id`) ON DELETE CASCADE ON UPDATE CASCADE,
  ADD CONSTRAINT `Employee_families_ibfk_2` FOREIGN KEY (`nationality_id`) REFERENCES `nationalities` (`id`) ON DELETE NO ACTION ON UPDATE CASCADE;

--
-- Constraints for table `employee_generated_letters`
--
ALTER TABLE `employee_generated_letters`
  ADD CONSTRAINT `employee_generated_letters_ibfk_1` FOREIGN KEY (`employee_id`) REFERENCES `employees` (`id`) ON DELETE CASCADE ON UPDATE CASCADE,
  ADD CONSTRAINT `employee_generated_letters_ibfk_2` FOREIGN KEY (`authorized_signatory`) REFERENCES `employees` (`id`) ON DELETE CASCADE ON UPDATE CASCADE;

--
-- Constraints for table `employee_idenities`
--
ALTER TABLE `employee_idenities`
  ADD CONSTRAINT `employee_idenities_ibfk_1` FOREIGN KEY (`employee_id`) REFERENCES `employees` (`id`) ON DELETE CASCADE ON UPDATE CASCADE;

--
-- Constraints for table `employee_leaves`
--
ALTER TABLE `employee_leaves`
  ADD CONSTRAINT `employee_leaves_ibfk_1` FOREIGN KEY (`leavegrantemployee_id`) REFERENCES `leavegrant_employees` (`id`) ON DELETE CASCADE ON UPDATE CASCADE,
  ADD CONSTRAINT `employee_leaves_ibfk_2` FOREIGN KEY (`employee_id`) REFERENCES `employees` (`id`) ON DELETE CASCADE ON UPDATE CASCADE,
  ADD CONSTRAINT `employee_leaves_ibfk_3` FOREIGN KEY (`leave_type_id`) REFERENCES `leave_types` (`id`) ON DELETE NO ACTION ON UPDATE CASCADE;

--
-- Constraints for table `employee_nominees`
--
ALTER TABLE `employee_nominees`
  ADD CONSTRAINT `employee_nominees_ibfk_1` FOREIGN KEY (`employee_id`) REFERENCES `employees` (`id`) ON DELETE CASCADE ON UPDATE CASCADE,
  ADD CONSTRAINT `employee_nominees_ibfk_2` FOREIGN KEY (`family_id`) REFERENCES `employee_families` (`id`) ON DELETE CASCADE ON UPDATE CASCADE;

--
-- Constraints for table `employee_pfs`
--
ALTER TABLE `employee_pfs`
  ADD CONSTRAINT `employee_pfs_ibfk_1` FOREIGN KEY (`employee_id`) REFERENCES `employees` (`id`) ON DELETE CASCADE ON UPDATE CASCADE;

--
-- Constraints for table `employee_positions`
--
ALTER TABLE `employee_positions`
  ADD CONSTRAINT `employee_positions_ibfk_1` FOREIGN KEY (`employee_id`) REFERENCES `employees` (`id`) ON DELETE CASCADE ON UPDATE CASCADE,
  ADD CONSTRAINT `employee_positions_ibfk_2` FOREIGN KEY (`department_id`) REFERENCES `departments` (`id`) ON DELETE CASCADE ON UPDATE CASCADE,
  ADD CONSTRAINT `employee_positions_ibfk_3` FOREIGN KEY (`designation_id`) REFERENCES `designations` (`id`) ON DELETE CASCADE ON UPDATE CASCADE,
  ADD CONSTRAINT `employee_positions_ibfk_4` FOREIGN KEY (`grade_id`) REFERENCES `grades` (`id`) ON DELETE NO ACTION ON UPDATE CASCADE,
  ADD CONSTRAINT `employee_positions_ibfk_5` FOREIGN KEY (`location_id`) REFERENCES `locations` (`id`) ON DELETE NO ACTION ON UPDATE CASCADE,
  ADD CONSTRAINT `employee_positions_ibfk_6` FOREIGN KEY (`scheme_id`) REFERENCES `schemes` (`id`) ON DELETE SET NULL ON UPDATE CASCADE,
  ADD CONSTRAINT `employee_positions_ibfk_7` FOREIGN KEY (`attendance_scheme_id`) REFERENCES `attendance_schemes` (`id`) ON DELETE CASCADE ON UPDATE CASCADE,
  ADD CONSTRAINT `employee_positions_ibfk_8` FOREIGN KEY (`reporting_to`) REFERENCES `employees` (`id`) ON DELETE SET NULL ON UPDATE CASCADE;

--
-- Constraints for table `employee_prev_employments`
--
ALTER TABLE `employee_prev_employments`
  ADD CONSTRAINT `Employee_prev_employments_ibfk_1` FOREIGN KEY (`employee_id`) REFERENCES `employees` (`id`) ON DELETE CASCADE ON UPDATE CASCADE;

--
-- Constraints for table `employee_probations`
--
ALTER TABLE `employee_probations`
  ADD CONSTRAINT `Employee_probations_ibfk_1` FOREIGN KEY (`employee_id`) REFERENCES `employees` (`id`) ON DELETE CASCADE ON UPDATE CASCADE;

--
-- Constraints for table `employee_qualifications`
--
ALTER TABLE `employee_qualifications`
  ADD CONSTRAINT `Employee_qualifications_ibfk_1` FOREIGN KEY (`employee_id`) REFERENCES `employees` (`id`) ON DELETE CASCADE ON UPDATE CASCADE;

--
-- Constraints for table `employee_resignations`
--
ALTER TABLE `employee_resignations`
  ADD CONSTRAINT `Employee_resignations_ibfk_1` FOREIGN KEY (`employee_id`) REFERENCES `employees` (`id`) ON DELETE CASCADE ON UPDATE CASCADE;

--
-- Constraints for table `holiday_lists`
--
ALTER TABLE `holiday_lists`
  ADD CONSTRAINT `Holiday_lists_ibfk_1` FOREIGN KEY (`location_id`) REFERENCES `locations` (`id`) ON DELETE NO ACTION ON UPDATE CASCADE;

--
-- Constraints for table `interviews`
--
ALTER TABLE `interviews`
  ADD CONSTRAINT `interviews_ibfk_1` FOREIGN KEY (`profile_id`) REFERENCES `recruitment_profiles` (`id`) ON DELETE CASCADE ON UPDATE CASCADE,
  ADD CONSTRAINT `interviews_ibfk_2` FOREIGN KEY (`scheduled_by`) REFERENCES `employees` (`id`) ON DELETE CASCADE ON UPDATE CASCADE,
  ADD CONSTRAINT `interviews_ibfk_3` FOREIGN KEY (`interviewer`) REFERENCES `employees` (`id`) ON DELETE CASCADE ON UPDATE CASCADE;

--
-- Constraints for table `interview_ratings`
--
ALTER TABLE `interview_ratings`
  ADD CONSTRAINT `interview_ratings_ibfk_1` FOREIGN KEY (`interview_id`) REFERENCES `interviews` (`id`) ON DELETE CASCADE ON UPDATE CASCADE;

--
-- Constraints for table `job_openings`
--
ALTER TABLE `job_openings`
  ADD CONSTRAINT `job_openings_ibfk_1` FOREIGN KEY (`department_id`) REFERENCES `departments` (`id`) ON DELETE SET NULL ON UPDATE CASCADE,
  ADD CONSTRAINT `job_openings_ibfk_2` FOREIGN KEY (`job_opening_by`) REFERENCES `employees` (`id`) ON DELETE SET NULL ON UPDATE CASCADE,
  ADD CONSTRAINT `job_openings_ibfk_3` FOREIGN KEY (`location_id`) REFERENCES `locations` (`id`) ON DELETE SET NULL ON UPDATE CASCADE;

--
-- Constraints for table `job_publishes`
--
ALTER TABLE `job_publishes`
  ADD CONSTRAINT `job_publishes_ibfk_1` FOREIGN KEY (`job_id`) REFERENCES `job_openings` (`id`) ON DELETE CASCADE ON UPDATE CASCADE,
  ADD CONSTRAINT `job_publishes_ibfk_2` FOREIGN KEY (`consultant_id`) REFERENCES `consultants` (`id`) ON DELETE CASCADE ON UPDATE CASCADE,
  ADD CONSTRAINT `job_publishes_ibfk_3` FOREIGN KEY (`job_published_by`) REFERENCES `employees` (`id`) ON DELETE CASCADE ON UPDATE CASCADE;

--
-- Constraints for table `leavegrant_employees`
--
ALTER TABLE `leavegrant_employees`
  ADD CONSTRAINT `Leavegrant_employees_ibfk_1` FOREIGN KEY (`leavegrant_id`) REFERENCES `leave_grants` (`id`) ON DELETE CASCADE ON UPDATE CASCADE,
  ADD CONSTRAINT `Leavegrant_employees_ibfk_2` FOREIGN KEY (`employee_id`) REFERENCES `employees` (`id`) ON DELETE CASCADE ON UPDATE CASCADE;

--
-- Constraints for table `leave_applications`
--
ALTER TABLE `leave_applications`
  ADD CONSTRAINT `leave_applications_ibfk_1` FOREIGN KEY (`employee_id`) REFERENCES `employees` (`id`) ON DELETE CASCADE ON UPDATE CASCADE,
  ADD CONSTRAINT `leave_applications_ibfk_2` FOREIGN KEY (`employee_leave_id`) REFERENCES `employee_leaves` (`id`) ON DELETE CASCADE ON UPDATE CASCADE,
  ADD CONSTRAINT `leave_applications_ibfk_3` FOREIGN KEY (`apply_to`) REFERENCES `employees` (`id`) ON DELETE CASCADE ON UPDATE CASCADE,
  ADD CONSTRAINT `leave_applications_ibfk_4` FOREIGN KEY (`leave_type_id`) REFERENCES `leave_types` (`id`) ON DELETE NO ACTION ON UPDATE CASCADE,
  ADD CONSTRAINT `leave_applications_ibfk_5` FOREIGN KEY (`approved_by`) REFERENCES `employees` (`id`) ON DELETE SET NULL ON UPDATE CASCADE,
  ADD CONSTRAINT `leave_applications_ibfk_6` FOREIGN KEY (`edited_by`) REFERENCES `employees` (`id`) ON DELETE SET NULL ON UPDATE CASCADE;

--
-- Constraints for table `leave_grants`
--
ALTER TABLE `leave_grants`
  ADD CONSTRAINT `Leave_grants_ibfk_1` FOREIGN KEY (`leavescheme_id`) REFERENCES `leave_schemes` (`id`) ON DELETE CASCADE ON UPDATE CASCADE;

--
-- Constraints for table `leave_schemes`
--
ALTER TABLE `leave_schemes`
  ADD CONSTRAINT `Leave_schemes_ibfk_1` FOREIGN KEY (`weekend_policy_id`) REFERENCES `weekend_policies` (`id`) ON DELETE CASCADE ON UPDATE CASCADE,
  ADD CONSTRAINT `Leave_schemes_ibfk_2` FOREIGN KEY (`employment_status_id`) REFERENCES `employment_statuses` (`id`) ON DELETE SET NULL ON UPDATE CASCADE;

--
-- Constraints for table `leave_scheme_leave_types`
--
ALTER TABLE `leave_scheme_leave_types`
  ADD CONSTRAINT `Leave_scheme_leave_types_ibfk_1` FOREIGN KEY (`leave_schemes_id`) REFERENCES `leave_schemes` (`id`) ON DELETE SET NULL ON UPDATE CASCADE,
  ADD CONSTRAINT `Leave_scheme_leave_types_ibfk_2` FOREIGN KEY (`leave_type_id`) REFERENCES `leave_types` (`id`) ON DELETE SET NULL ON UPDATE CASCADE;

--
-- Constraints for table `locations`
--
ALTER TABLE `locations`
  ADD CONSTRAINT `locations_ibfk_1` FOREIGN KEY (`country_id`) REFERENCES `countries` (`id`) ON DELETE SET NULL ON UPDATE CASCADE;

--
-- Constraints for table `organization_trees`
--
ALTER TABLE `organization_trees`
  ADD CONSTRAINT `organization_trees_ibfk_1` FOREIGN KEY (`employee_id`) REFERENCES `employees` (`id`) ON DELETE CASCADE ON UPDATE CASCADE,
  ADD CONSTRAINT `organization_trees_ibfk_2` FOREIGN KEY (`manager_employee_id`) REFERENCES `employees` (`id`) ON DELETE CASCADE ON UPDATE CASCADE;

--
-- Constraints for table `participants`
--
ALTER TABLE `participants`
  ADD CONSTRAINT `participants_ibfk_1` FOREIGN KEY (`training_id`) REFERENCES `trainings` (`id`) ON DELETE CASCADE ON UPDATE CASCADE,
  ADD CONSTRAINT `participants_ibfk_2` FOREIGN KEY (`employee_id`) REFERENCES `employees` (`id`) ON DELETE CASCADE ON UPDATE CASCADE;

--
-- Constraints for table `profile_shared_for_reviews`
--
ALTER TABLE `profile_shared_for_reviews`
  ADD CONSTRAINT `profile_shared_for_reviews_ibfk_1` FOREIGN KEY (`profile_id`) REFERENCES `recruitment_profiles` (`id`) ON DELETE CASCADE ON UPDATE CASCADE,
  ADD CONSTRAINT `profile_shared_for_reviews_ibfk_2` FOREIGN KEY (`shared_by`) REFERENCES `employees` (`id`) ON DELETE CASCADE ON UPDATE CASCADE,
  ADD CONSTRAINT `profile_shared_for_reviews_ibfk_3` FOREIGN KEY (`review_by`) REFERENCES `employees` (`id`) ON DELETE CASCADE ON UPDATE CASCADE;

--
-- Constraints for table `recruitment_profiles`
--
ALTER TABLE `recruitment_profiles`
  ADD CONSTRAINT `recruitment_profiles_ibfk_1` FOREIGN KEY (`job_id`) REFERENCES `job_openings` (`id`) ON DELETE CASCADE ON UPDATE CASCADE,
  ADD CONSTRAINT `recruitment_profiles_ibfk_2` FOREIGN KEY (`consultant_id`) REFERENCES `consultants` (`id`) ON DELETE CASCADE ON UPDATE CASCADE;

--
-- Constraints for table `shift_rotations`
--
ALTER TABLE `shift_rotations`
  ADD CONSTRAINT `shift_rotations_ibfk_1` FOREIGN KEY (`shift_id`) REFERENCES `shifts` (`id`) ON DELETE SET NULL ON UPDATE CASCADE,
  ADD CONSTRAINT `shift_rotations_ibfk_2` FOREIGN KEY (`shift_rotation_policy_id`) REFERENCES `shift_rotation_policies` (`id`) ON DELETE SET NULL ON UPDATE CASCADE;

--
-- Constraints for table `states`
--
ALTER TABLE `states`
  ADD CONSTRAINT `States_ibfk_1` FOREIGN KEY (`country_id`) REFERENCES `countries` (`id`) ON DELETE CASCADE ON UPDATE CASCADE;

--
-- Constraints for table `trainers_externals`
--
ALTER TABLE `trainers_externals`
  ADD CONSTRAINT `trainers_externals_ibfk_1` FOREIGN KEY (`training_id`) REFERENCES `trainings` (`id`) ON DELETE CASCADE ON UPDATE CASCADE,
  ADD CONSTRAINT `trainers_externals_ibfk_2` FOREIGN KEY (`vaendor_personnel_id`) REFERENCES `vendor_personnels` (`id`) ON DELETE CASCADE ON UPDATE CASCADE;

--
-- Constraints for table `trainers_internals`
--
ALTER TABLE `trainers_internals`
  ADD CONSTRAINT `trainers_internals_ibfk_1` FOREIGN KEY (`training_id`) REFERENCES `trainings` (`id`) ON DELETE CASCADE ON UPDATE CASCADE,
  ADD CONSTRAINT `trainers_internals_ibfk_2` FOREIGN KEY (`trainer_id`) REFERENCES `employees` (`id`) ON DELETE CASCADE ON UPDATE CASCADE;

--
-- Constraints for table `trainings`
--
ALTER TABLE `trainings`
  ADD CONSTRAINT `trainings_ibfk_1` FOREIGN KEY (`course_id`) REFERENCES `training_courses` (`id`) ON DELETE CASCADE ON UPDATE CASCADE,
  ADD CONSTRAINT `trainings_ibfk_2` FOREIGN KEY (`training_id`) REFERENCES `employees` (`id`) ON DELETE SET NULL ON UPDATE CASCADE;

--
-- Constraints for table `training_feedbacks`
--
ALTER TABLE `training_feedbacks`
  ADD CONSTRAINT `training_feedbacks_ibfk_1` FOREIGN KEY (`training_id`) REFERENCES `trainings` (`id`) ON DELETE CASCADE ON UPDATE CASCADE;

--
-- Constraints for table `training_materials`
--
ALTER TABLE `training_materials`
  ADD CONSTRAINT `training_materials_ibfk_1` FOREIGN KEY (`training_id`) REFERENCES `trainings` (`id`) ON DELETE CASCADE ON UPDATE CASCADE;

--
-- Constraints for table `users`
--
ALTER TABLE `users`
  ADD CONSTRAINT `Users_ibfk_1` FOREIGN KEY (`role_id`) REFERENCES `roles` (`id`) ON DELETE CASCADE ON UPDATE CASCADE;

--
-- Constraints for table `vendor_expertises`
--
ALTER TABLE `vendor_expertises`
  ADD CONSTRAINT `vendor_expertises_ibfk_1` FOREIGN KEY (`training_vendor_id`) REFERENCES `training_vendors` (`id`) ON DELETE CASCADE ON UPDATE CASCADE,
  ADD CONSTRAINT `vendor_expertises_ibfk_2` FOREIGN KEY (`training_course_id`) REFERENCES `training_courses` (`id`) ON DELETE CASCADE ON UPDATE CASCADE;

--
-- Constraints for table `vendor_personnels`
--
ALTER TABLE `vendor_personnels`
  ADD CONSTRAINT `vendor_personnels_ibfk_1` FOREIGN KEY (`vendor_id`) REFERENCES `training_vendors` (`id`) ON DELETE CASCADE ON UPDATE CASCADE,
  ADD CONSTRAINT `vendor_personnels_ibfk_2` FOREIGN KEY (`designation_id`) REFERENCES `designations` (`id`) ON DELETE SET NULL ON UPDATE CASCADE;
COMMIT;

/*!40101 SET CHARACTER_SET_CLIENT=@OLD_CHARACTER_SET_CLIENT */;
/*!40101 SET CHARACTER_SET_RESULTS=@OLD_CHARACTER_SET_RESULTS */;
/*!40101 SET COLLATION_CONNECTION=@OLD_COLLATION_CONNECTION */;
